Workbook

Sheet machines assemblage
A1: Afkorting | B1: Machine | C1: Aantal | D1: opmerking
A2: L | B2: Leonard | C2: 1 | D2: rijst + pasta
A3: M | B3: Multifill | C3: 1 | D3: rijst + pasta
A4: K | B4: kaas strooier | C4: 1
A5: T | B5: Turbo | C5: x | D5: 8 enkele - 3 dubbele
A6: H | B6: Handtmann | C6: 5 | D6: 2 stroom verdeler
A7: I | B7: Multipond | C7: 1 | D7: L1 multiweger
B8: Isihda | C8: 1 | D8: L2 multiweger
A9: CFS | B9: CFS dieptrekker | C9: 1 | D9: L4
A10: G | B10: GROTE | C10: 2 | D10: Ham snijmachine
A13: 16 weegschalen

Sheet formaat delen mondini
A1: schaal | B1: kop | C1: bovenplaat | D1: opmerking
A2: UK59 | B2: 2 | C2: 2 bovenplaten | D2: Lijn 1 en lijn 2 tergelijkertijd mogelijk
A3: UK59kraft | B3: =UK59 | C3: 2 bovenplaten | D3: Lijn 1 en lijn 2 tergelijkertijd mogelijk
A4: UK57 | B4: =UK59 | C4: 1 bovenplaat | D4: Lijn 1 OF lijn 2
A5: OB36 | B5: =UK59 | C5: 1 bovenplaat | D5: Lijn 1 OF lijn 2
A6: C2187 | B6: =UK59 | C6: 2 bovenplaten | D6: Lijn 1 en lijn 2 tergelijkertijd mogelijk
A7: Novato | B7: =UK59 | C7: 2 bovenplaat | D7: Lijn 1 en lijn 2 tergelijkertijd mogelijk
A8: C2325 | B8: 1 | C8: 1 bovenplaat | D8: moet op lijn 2
A9: C2227 | B9: 2 | C9: 2 bovenplaten | D9: Lijn 1 en lijn 2 tergelijkertijd mogelijk
A10: AR-1150 | B10: =C2227 | C10: 1 bovenplaat | D10: Lijn 1 OF lijn 2
A11: C2208 | B11: 1 | C11: 1 bovenplaat | D11: Lijn 1 OF lijn 2
A12: C2176 | B12: 1 | C12: 1 bovenplaat | D12: Lijn 1 OF lijn 2
A13: kraft rond | B13: 1 | C13: 1 | D13: Lijn 1 OF lijn 2

Sheet machines keuken
A2: Machine | B2: aantal | C2: opmerking
A4: Gernal | B4: 1 | C4: pastakoker
A5: Terlet | B5: 4 | C5: Kook ketel - vertical roerwerk
A6: Berief | B6: 3 | C6: Kook ketel - horizontaal roerwerk
A7: KS menger | B7: 1 | C7: Karll Snell menger
A8: Stephan mixer klein | B8: 1 | C8: mixer
A9: Stephan mixer Groot | B9: 1 | C9: mixer met 2 messen

Sheet bottle necks
A1: Algemeen
A2: Iglo producties | B2: Info 11/03 (planning week 16) productie dezelfde week of een week vroeger
A3: Halal | B3: scheiding in Lijn + in tijd (starten met Halal of waar er geen Varken of Alcohol in zit)
A4: Kartonnage | B4: Starten op maadag met Shrink - op L2 geen vis indien mogelijk ?
A5: Kippebouten | B5: productie op Di -Wo : Levering op Donderdag leverings uur nooit gekend
A7: Keuken
B8: * Gernal : geen pasta of rijst te samen L1 & L2
B9: * DMB C2325 : max 4 producties op 1 dag
A11: Assemblage
B12: * 1 bak voorgerolde witloof bevat 60 rollen
A13: 46009
A15: WIP's | B15: * opentrekken etuis 1pers : 1000st/4h

Sheet planning decision tree
A1: Rationale | B1: Stappen
I2: Verduidelijking / opmerking
D3: Order X | I3: Order met toegewezen nummer komt binnen via Sandra met uiterste productiedatum X. Dat is altijd een vrijdag van de gewenste week waarin productie moet plaatsvinden.
D5: 1 dag =16h, vroegste start L1 is 6h00, vroegste start L2 is 6h30 | I5: L2 start in principe om 7h00 tenzij vlinder mogelijk. Einde dag is 22h, tenzij vrijdag 20h. | J5: waar info over vlinder? Wanneer wel en wanneer niet beschikbaar? | K5: Vlinder is in principe altijd beschikbaar. Alleen zin bij volle dag op L2
A8: Productie-technisch - kartonage | B8: Op welke lijn moet/mag de maaltijd geproduceerd worden? | D8: Moet op L1 | F8: Moet/mag op L2 | I8: Yvan gaat altijd eerst L1 vullen, dan L2. L1 (retail lijn) volledig geautomatiseerd, dus alles met etuis, DMH maaltijden en blue green moet op L1. L2 alles zonder etuis, manueel in omdozen. L2 voor Picard, VAT, DMB, DMC. | J8: Beperking op L2 Kan worden opgelost met nieuwe KliKlok (en shrinkmachine). L2 en CFS lijn ("L4") kunnen niet tegelijk draaien want gebruiken zelfde spiraal (spiraal 1 van L2). Andere spiraal zit al vol. Dus CFS en L2 moeten na elkaar gepland worden (alterneren). | K8: CFS vis kan via spiraal L1 / Bofrost CFS kan niet via spiraal L1. DMB moet op L2 wegens vorm schaal en bocht transportband
A11: Timing | B11: Naar welke week in de planning kijken we eerst? | D11: plan datum WEEK Y | F11: WEEK Y-1 | H11: Sandra - Elisabeth | I11: Week Y is de week waarin de productie ten laatste moet plaatsvinden. Als die week niet kan, proberen we de week daarvoor (Y-1) om zeker op tijd klaar te zijn. Als die week ook niet lukt, bespreekt Yvan met Sandra en Elisabeth welke maaltijd er voor welke klant kan verschoven worden, in functie van stock, grondstoffen, hoogdringendheid en eventueel andere overwegingen | J11: Prioritisering van klanten - is Fitmeals belangrijker dan DMC? Ranking van (groep van) 6 nummers met prioriteit.
A14: Met wat maken we de maaltijd | B14: Welk type grondstoffen zijn er nodig voor de maaltijd? | D14: Enkel grondstoffen nodig die gebruiksklaar zijn (dus geen D-1 of D-meer MEP) of diepvries? | F14: Niet op maandag of na officiële verlofdag, indien MEP in keuken D-2 of meer, dan nog dagen bijtellen | I14: * kippebouten enkel inplannen op Di-Wo of Vr; worden enkel op maandag of uitzonderlijk donderdag geleverd (donderdag mits andere leverancier). | J14: verzagen van vis kan ook veel vroeger in principe - is los van lijnbezetting - dus niet onmiddellijk relevant voor planning
A17: Productie-technisch kapvorm | D17: Kapvorm = vorig order of leeg (i.e. geen voorafgaand order op moment van inplannen) | F17: indien niet gelijk met vorig order: later/vroeger op dezelfde dag of zoek andere datum
A20: Productie-technisch | D20: Is een formaat deel voor mondini dubbel gebruik beschikbaar? | F20: L1 of L2 planning aanpassen | I20: Formaat deel enkel van belang als we twee dezelfde formaten op 2 lijnen willen draaien | J20: bottleneck is oplosbaar mits investering - komt bijna nooit voor
A22: Timing | D22: Bepaal ombouw tijd | I22: Ombouwtijd wordt bepaald door reinigingscyclus (altijd na 8h en na tweede shift), verandering van schaal, verandering van machines, verandering van lijn
D25: zelfde formaat schaal | F25: standaard 20min
D26: UK59 en C2187 | F26: standaard 20min
D27: naar/van CFS | F27: standaard 15 min
D28: ander formaat schaal | F28: standaard 30 min
D29: Leonard naar Leonard | F29: standaard 40min
A34: Productie-technisch | D34: Gernal voorrang op L1 | F34: dan geen rijst of pasta L2 | I34: Nieuwe Gernal zal dit veranderen | J34: saté op 2 lijnen tegelijkertijd gaat niet want alles met rijst of pasta is en dan is Gernal bottleneck | K34: tijdelijk
D35: eerst rijst , daarna pasta | I35: 1st rijst dan pasta: omwillen van gluten en eieren. Als je eerste pasta zou doen dan meer reinigen/ontsmetten | J35: Leonhardt in principe op L1, multifill op L2, maar kunnen eigenlijk beide op L1 of L2 gebruikt worden | K35: blijft relevant
A38: People | D38: nieuw recept | F38: niet als 1ste order v/d dag | I38: R&D en anderen moeten aanwezig zijn dus niet om 6h 's morgens
A41: Productie-technisch | D41: identificatie moeilijk product of halal productie | F41: als 1ste product opstarten | I41: Moeilijk product: bijv. lasagne waar heel veel pompen voor nodig zijn, Iglo BE witloof gratin, Iglo BE aardappel gratin. Bij halal geen varkensvlees op andere lijn
D44: Sate productie op L1 | F44: Geen Productie op L2 | H44: Productie saté in namiddag want anders ganse dag maar 1 lijn bezet | I44: Ook omgekeerd uiteraard: sate op L2 betekent geen productie van iets anders op L1. Saté wordt nu op L2 gedraaid want etiketten waaien er af op spiraal van L1 | J44: saté = bevat pinda. Pindanotenpasta: 11289900. CSB programma 135 geeft overzicht waar dat overal inzit. | K44: optimalisatie mogelijk? Beter saté op L2 aan lagere snelheid dan géén productie op L2?
A47: Personeelsbezetting assemblage | D47: Bezetting vorig order = of +1 of -1 | I47: FTE werkt 8h, Interim moet minimum 4h werken | J47: plus1 min1 regel vooral voor L2 want meer maaltijden per shift | K47: Combi 2 lijnen moet bekeken worden; totaal over 2 lijnen moet zo weinig mogelijk fluctueren
D49: allergenen = of hoger vorig order | I49: Van weinig naar meer allergenen; dus van laag risico product naar hoger risico product | J49: Van hoger naar lager risico kan, maar dan meer intense reiniging nodig (met ontsmetting).
D50: kruiscontaminatie allergenen
D53: aantal weegschalen max. 16st | I53: Gaat over weegschalen aan de assemblagelijn. Als dit een beperking is, aantal weegschalen verhogen?
C61: OPMERKINGEN
C63: * orders met hetzelfde 2nr erin samen produceren (eerst de kleinste plannen) vb 65107400 - 65107300
C64: * indien veel MEP (vb witloof garen) oppassen met sate productie (want dan maar 8h beschikbaar voor MEP)
D65: * indien Mep D-1 op gernal : voldoende tijd vrij op Gernal D-1 | J65: snap ik niet
C66: * kaasmachine voorrang L1 - extra persoon op L2 indien dubbel gebruik
C67: * productie apetito moet op L2 - etiketten waaien eraf in spiraal L1
C68: * productie C2176-1A Evolve op L2 : kan op 3200st/min (info 08/09/25)
C69: * productie frieten op 280gr L2 - waaien weg in spiraal L1 ook met minder ventilatoren (ventilator gebroken op 27/02/25)
C70: * productie frieten 400gr kan op L1 (info 08/09/25)
C71: * productie 64226400 - 6426500 - 64226600 40 min ombouw voorzien (info Guy)
C72: * eitketten DMC & VAT zonder etiketten op L1 (in WIP) / DMH & Soep kunnen met etiketten op L1
C73: * productie 800gr op L2 (die van L1 komt) , moet aan een lagere snelheid max snelheid 34/min
C74: * Productie blue Nasi : lijnsnelheid op 2500/min instelling lijn 50/min (1 baans) (info Tom 01/07/25) | I74: (kan op L1 etiket 10x10)
C75: * Productie blue Green Bami : lijnsnelheid op 2000/min instelling lijn 40/min (1 baans) (info Tom 01/07/25) | I75: (kan op L1 etiket 10x10)
C76: * Productie VAT & DMC niet verhogen ifv uren
C77: * H44 moet via nieuwe kliklok , schalen misvormen op oude kliklok
C78: * Thiriet witloof H9 new geperforeerd omkarton moet via de nieuwe kliklok
B79: 46009 | C79: * DLC bijna zelfde kleine ronde stickers zoals DMC : indien mogelijk aansluitende producties vermijden
B80: 46034 | C80: * Productie DMB
D81: * pasta niet laten overnachten in spiraal (zetten uit tijdens in vriezen) | J81: dus als eerste productie zetten?
D82: * purees indien mogelijk als laatste produceren (vriezen zeer moeilijk in - stilstand door temperatuur te hoog)
C83: * Bij wijzigingen - opladen scanners
D84: * afwegen kruiden : opladen scanners D-2
D85: * klaarzetten grondstoffen + droog : opladen scanners D-1
C86: * Verplichte Werkweek : ieder vast personeelslid moet werken, geen EW mogelijk
C87: * productiekalender CSB ingeven (feestdagen - weekends - verlof dagen blokkeren) Prog 8311 & Prog 6
C88: * 61694600 ?? Wss gestopt Bof Be Va gebraad Boontjes Puree (kan enkel op Do of Vr (levering VA gebraad op woensdag)
C89: * na 8h productie zelfde product moet er gereingingd worden
D90: * 64402200 Bof De Kip Auflauf tussen reiniging 40min
C91: * L1 start 6h - L2 start 7h of 6h30 indien nodig
C92: * productie Daesang : tss 6542000 en 64420200 20 min overschakeling ipv 40min zelfde rissoto
C93: * nacht productie : inplannen max tot 3h , afwas was s'morgens net op tijd klaar met reinigen ! (prod 05/05/26)
C94: * nacht productie : na 3 dagen nachtproductie op spiraal - spiraal ledigen en reinigen - max tot 20h produceren om spiraal te kunnen ledigen + ontdooien + reinigen + invriezen
C95: * orders waarvoor verzaagde vis nodig is : zaagorders aanmaken op productie dag (nadien de zaagorders groeperen om te verzagen) - vis order worden manueel ingeven
C96: * witloof voor rollen (producten met witloof rollen)
D97: * veel vaste : 1/4 voor rollen
D98: * goede mix vast - inrtim : 1/3 voor rollen
D99: * veel intrimmers of met nacht productie : 1/2 voor rollen
C100: * 67110100 & 67110200 Lidl De pho en thai soep tussen reinigen 50 min
C101: * Dag x planning > 4 vaste weken manueel kunnen vast leggen, programma mag deze dag niet meer wijzigen
C103: Tijdlijn planning opmaken
D105: Sandra / Elisabeth | E105: order verwerking (aanpassingen / nieuwe orders ) | H105: Week X-1(Vr nm) + Week X (Ma + Di vm)
D106: Yvan | E106: aanpassen planning | H106: Week X (Di nm ….. Vr vm)
D107: Yvan | E107: Vastleggen planning Week X + 4 | H107: Week X (Do)
D108: Yvan | E108: Vastleggen wijzigingen Week X+5 en verder | H108: Week X (Vr vm)
C112: Uitwerken in meerdere stappen
D114: Huidige manier | F114: * planning manueel
F115: * manuele controle planning
F116: * manuele planning invoer in CSB
D118: Stap 1 | E118: *controle systeem
F119: * planning manueel
F120: * systeem controleert manuele planning
F121: * manuele planning invoer in CSB
D123: Stap 2 | E123: * invoer automatsch
F124: * planning manueel
F125: * systeem controleert manuele planning
F126: * auto invoer in CSB
D128: Stap 3 tot Stap X-1 | E128: ???????
D130: Stap X | E130: * Volledige AI planning
F131: * leesbare overzichtelijke planning (ook op papier!)

Sheet product database
A1: Product Informatie | H1: Personeel | P1: Prio Lijn | S1: Spiraal | U1: Planning | AG1: Toestellen Keuken | AM1: Toestellen Assemblage | AW1: Kartonnage | BD1: Kruiscontaminatie (enkel keuken)
A2: Product nummer | B2: Product naam | C2: schaal | D2: kapvorm | E2: karton | F2: flowpack | G2: Allergeen | H2: Assemblage L1 | I2: Assemblage L2 | J2: Kartonnage | K2: Keuken | L2: Snelheid L1 | M2: Snelheid L2 | N2: Opmerking | O2: identiek product | P2: L1 | Q2: L2 | R2: CFS | S2: L1 | T2: L2 | U2: Maandag | V2: Dinsdag | W2: Woensdag | X2: Donderdag | Y2: Vrijdag | Z2: MEP D-1 | AA2: MEP > D-1 | AB2: opstart moet | AC2: opstart kan niet | AD2: afsluit moet | AE2: afsluit kan niet | AF2: vis verzagen | AG2: Gernal (2) | AH2: Terlet (4) | AI2: Berief (3) | AJ2: KS menger (1) | AK2: Stephan mixer kl | AL2: Stephan mixer gr | AM2: Leonard (2) | AN2: weegschalen (16) | AO2: Multifill (1) | AP2: kaasstrooi(1) | AQ2: Turbo(8 enkel -3 dubbel) | AR2: Handtmann (4) | AS2: Multipond (L1) | AT2: Isihda (L2) | AU2: Grote (2) | AV2: CFS pomp (1) | AW2: Kliklok L1 | AX2: Shrink | AY2: CPS | AZ2: Kliklok L2 | BA2: Hand nipak | BB2: oude Kliklok (kooien) | BC2: kooien inpak kart | BD2: Aardnoten | BE2: Eieren | BF2: Gluten | BG2: Lupine | BH2: Melk | BI2: Mosterd | BJ2: Noten (schaalvruchten) | BK2: Schaaldieren | BL2: Selderij | BM2: Sesamzaad | BN2: Soja | BO2: Vis | BP2: Weekdieren
A3: 60920100 | B3: =VLOOKUP($A3,[1]maaltijden!$A$1:$IV$65536,4,FALSE) -> DMB KIPPENSOEP 900G | C3: =VLOOKUP($A3,[1]maaltijden!$A$1:$IV$65536,7,FALSE) -> C2227-1H | D3: =VLOOKUP($A3,[1]maaltijden!$A$1:$IV$65536,10,FALSE) -> NVT | E3: =VLOOKUP($A3,[1]maaltijden!$A$1:$IV$65536,13,FALSE) -> DMC X 6 | F3: =IF($D3="Bedrukte folie 470x300",1,0) -> 0 | G3: =VLOOKUP($A3,[1]maaltijden!$A$1:$IV$65536,27,FALSE) -> ! ! ! | H3: =VLOOKUP($A3,[1]maaltijden!$A$1:$IV$65536,21,FALSE) -> 3 | I3: =VLOOKUP($A3,[1]maaltijden!$A$1:$IV$65536,21,FALSE) -> 3 | J3: =VLOOKUP($A3,[1]maaltijden!$A$1:$IV$65536,18,FALSE) -> 3 | K3: =VLOOKUP($A3,[1]maaltijden!$A$1:$IV$65536,17,FALSE) -> 1 | L3: =VLOOKUP($A3,[1]maaltijden!$A$1:$IV$65536,20,FALSE) -> 1750 | M3: =VLOOKUP($A3,[1]maaltijden!$A$1:$IV$65536,22,FALSE) -> 1750 | N3: 0 | O3: 0 | P3: 0 | Q3: 1 | R3: 0 | S3: 0 | T3: 1 | U3: 0 | V3: 1 | W3: 1 | X3: 1 | Y3: 1 | Z3: 0 | AA3: 0 | AB3: 0 | AC3: 0 | AD3: 0 | AE3: 1 | AF3: 0 | AG3: 0 | AH3: 1 | AI3: 0 | AJ3: 0 | AK3: 0 | AL3: 0 | AM3: 0 | AN3: =IFERROR(INDEX([2]lijnopstellingsfiche!$AP$1:$AP$65536,MATCH(A3,[2]lijnopstellingsfiche!$AQ$1:$AQ$65536,0)),"") -> - | AO3: 0 | AP3: 0 | AQ3: 2 | AR3: 0 | AS3: 0 | AT3: 0 | AU3: 0 | AV3: 0 | AW3: 0 | AX3: 0 | AY3: 1 | AZ3: 0 | BA3: 1 | BB3: 0 | BC3: 0 | BD3: =VLOOKUP($A3,'[3]allergenen 6nr'!$A$1:$O$1310,3,FALSE) -> - | BE3: =VLOOKUP($A3,'[3]allergenen 6nr'!$A$1:$O$1310,4,FALSE) -> X | BF3: =VLOOKUP($A3,'[3]allergenen 6nr'!$A$1:$O$1310,5,FALSE) -> + | BG3: =VLOOKUP($A3,'[3]allergenen 6nr'!$A$1:$O$1310,6,FALSE) -> X | BH3: =VLOOKUP($A3,'[3]allergenen 6nr'!$A$1:$O$1310,7,FALSE) -> + | BI3: =VLOOKUP($A3,'[3]allergenen 6nr'!$A$1:$O$1310,8,FALSE) -> X | BJ3: =VLOOKUP($A3,'[3]allergenen 6nr'!$A$1:$O$1310,9,FALSE) -> - | BK3: =VLOOKUP($A3,'[3]allergenen 6nr'!$A$1:$O$1310,10,FALSE) -> - | BL3: =VLOOKUP($A3,'[3]allergenen 6nr'!$A$1:$O$1310,11,FALSE) -> + | BM3: =VLOOKUP($A3,'[3]allergenen 6nr'!$A$1:$O$1310,12,FALSE) -> - | BN3: =VLOOKUP($A3,'[3]allergenen 6nr'!$A$1:$O$1310,13,FALSE) -> X | BO3: =VLOOKUP($A3,'[3]allergenen 6nr'!$A$1:$O$1310,14,FALSE) -> - | BP3: =VLOOKUP($A3,'[3]allergenen 6nr'!$A$1:$O$1310,15,FALSE) -> -
A4: 60920200 | B4: =VLOOKUP($A4,[1]maaltijden!$A$1:$IV$65536,4,FALSE) -> DMB PREISOEP 900G | C4: =VLOOKUP($A4,[1]maaltijden!$A$1:$IV$65536,7,FALSE) -> C2227-1H | D4: =VLOOKUP($A4,[1]maaltijden!$A$1:$IV$65536,10,FALSE) -> NVT | E4: =VLOOKUP($A4,[1]maaltijden!$A$1:$IV$65536,13,FALSE) -> DMC X 6 | F4: =IF($D4="Bedrukte folie 470x300",1,0) -> 0 | G4: =VLOOKUP($A4,[1]maaltijden!$A$1:$IV$65536,27,FALSE) -> ! ! ! | H4: =VLOOKUP($A4,[1]maaltijden!$A$1:$IV$65536,21,FALSE) -> 1 | I4: =VLOOKUP($A4,[1]maaltijden!$A$1:$IV$65536,21,FALSE) -> 1 | J4: =VLOOKUP($A4,[1]maaltijden!$A$1:$IV$65536,18,FALSE) -> 3 | K4: =VLOOKUP($A4,[1]maaltijden!$A$1:$IV$65536,17,FALSE) -> 2 | L4: =VLOOKUP($A4,[1]maaltijden!$A$1:$IV$65536,20,FALSE) -> 1750 | M4: =VLOOKUP($A4,[1]maaltijden!$A$1:$IV$65536,22,FALSE) -> 1750 | N4: 0 | O4: 0 | P4: 0 | Q4: 1 | R4: 0 | S4: 0 | T4: 1 | U4: 0 | V4: 1 | W4: 1 | X4: 1 | Y4: 1 | Z4: 0 | AA4: 0 | AB4: 0 | AC4: 0 | AD4: 0 | AE4: 1 | AF4: 0 | AG4: 0 | AH4: 0 | AI4: 1 | AJ4: 0 | AK4: 0 | AL4: 0 | AM4: 0 | AN4: =IFERROR(INDEX([2]lijnopstellingsfiche!$AP$1:$AP$65536,MATCH(A4,[2]lijnopstellingsfiche!$AQ$1:$AQ$65536,0)),"") -> - | AO4: 0 | AP4: 0 | AQ4: 2 | AR4: 0 | AS4: 0 | AT4: 0 | AU4: 0 | AV4: 0 | AW4: 0 | AX4: 0 | AY4: 1 | AZ4: 0 | BA4: 1 | BB4: 0 | BC4: 0 | BD4: =VLOOKUP($A4,'[3]allergenen 6nr'!$A$1:$O$1310,3,FALSE) -> - | BE4: =VLOOKUP($A4,'[3]allergenen 6nr'!$A$1:$O$1310,4,FALSE) -> - | BF4: =VLOOKUP($A4,'[3]allergenen 6nr'!$A$1:$O$1310,5,FALSE) -> + | BG4: =VLOOKUP($A4,'[3]allergenen 6nr'!$A$1:$O$1310,6,FALSE) -> - | BH4: =VLOOKUP($A4,'[3]allergenen 6nr'!$A$1:$O$1310,7,FALSE) -> - | BI4: =VLOOKUP($A4,'[3]allergenen 6nr'!$A$1:$O$1310,8,FALSE) -> - | BJ4: =VLOOKUP($A4,'[3]allergenen 6nr'!$A$1:$O$1310,9,FALSE) -> - | BK4: =VLOOKUP($A4,'[3]allergenen 6nr'!$A$1:$O$1310,10,FALSE) -> - | BL4: =VLOOKUP($A4,'[3]allergenen 6nr'!$A$1:$O$1310,11,FALSE) -> + | BM4: =VLOOKUP($A4,'[3]allergenen 6nr'!$A$1:$O$1310,12,FALSE) -> - | BN4: =VLOOKUP($A4,'[3]allergenen 6nr'!$A$1:$O$1310,13,FALSE) -> - | BO4: =VLOOKUP($A4,'[3]allergenen 6nr'!$A$1:$O$1310,14,FALSE) -> - | BP4: =VLOOKUP($A4,'[3]allergenen 6nr'!$A$1:$O$1310,15,FALSE) -> -
A5: 60920400 | B5: =VLOOKUP($A5,[1]maaltijden!$A$1:$IV$65536,4,FALSE) -> DMB TOMATENSOEP MET BALLETJES 1000G | C5: =VLOOKUP($A5,[1]maaltijden!$A$1:$IV$65536,7,FALSE) -> C2227-1H | D5: =VLOOKUP($A5,[1]maaltijden!$A$1:$IV$65536,10,FALSE) -> NVT | E5: =VLOOKUP($A5,[1]maaltijden!$A$1:$IV$65536,13,FALSE) -> DMC X 6 | F5: =IF($D5="Bedrukte folie 470x300",1,0) -> 0 | G5: =VLOOKUP($A5,[1]maaltijden!$A$1:$IV$65536,27,FALSE) -> ! ! ! | H5: =VLOOKUP($A5,[1]maaltijden!$A$1:$IV$65536,21,FALSE) -> 3 | I5: =VLOOKUP($A5,[1]maaltijden!$A$1:$IV$65536,21,FALSE) -> 3 | J5: =VLOOKUP($A5,[1]maaltijden!$A$1:$IV$65536,18,FALSE) -> 3 | K5: =VLOOKUP($A5,[1]maaltijden!$A$1:$IV$65536,17,FALSE) -> 2 | L5: =VLOOKUP($A5,[1]maaltijden!$A$1:$IV$65536,20,FALSE) -> 1500 | M5: =VLOOKUP($A5,[1]maaltijden!$A$1:$IV$65536,22,FALSE) -> 1500 | N5: 0 | O5: 0 | P5: 0 | Q5: 1 | R5: 0 | S5: 0 | T5: 1 | U5: 0 | V5: 1 | W5: 1 | X5: 1 | Y5: 1 | Z5: 0 | AA5: 0 | AB5: 0 | AC5: 0 | AD5: 0 | AE5: 1 | AF5: 0 | AG5: 0 | AH5: 0 | AI5: 1 | AJ5: 0 | AK5: 0 | AL5: 1 | AM5: 0 | AN5: =IFERROR(INDEX([2]lijnopstellingsfiche!$AP$1:$AP$65536,MATCH(A5,[2]lijnopstellingsfiche!$AQ$1:$AQ$65536,0)),"") -> 1 | AO5: 0 | AP5: 0 | AQ5: 2 | AR5: 0 | AS5: 0 | AT5: 1 | AU5: 0 | AV5: 0 | AW5: 0 | AX5: 0 | AY5: 1 | AZ5: 0 | BA5: 1 | BB5: 0 | BC5: 0 | BD5: =VLOOKUP($A5,'[3]allergenen 6nr'!$A$1:$O$1310,3,FALSE) -> - | BE5: =VLOOKUP($A5,'[3]allergenen 6nr'!$A$1:$O$1310,4,FALSE) -> X | BF5: =VLOOKUP($A5,'[3]allergenen 6nr'!$A$1:$O$1310,5,FALSE) -> + | BG5: =VLOOKUP($A5,'[3]allergenen 6nr'!$A$1:$O$1310,6,FALSE) -> - | BH5: =VLOOKUP($A5,'[3]allergenen 6nr'!$A$1:$O$1310,7,FALSE) -> X | BI5: =VLOOKUP($A5,'[3]allergenen 6nr'!$A$1:$O$1310,8,FALSE) -> X | BJ5: =VLOOKUP($A5,'[3]allergenen 6nr'!$A$1:$O$1310,9,FALSE) -> - | BK5: =VLOOKUP($A5,'[3]allergenen 6nr'!$A$1:$O$1310,10,FALSE) -> X | BL5: =VLOOKUP($A5,'[3]allergenen 6nr'!$A$1:$O$1310,11,FALSE) -> + | BM5: =VLOOKUP($A5,'[3]allergenen 6nr'!$A$1:$O$1310,12,FALSE) -> - | BN5: =VLOOKUP($A5,'[3]allergenen 6nr'!$A$1:$O$1310,13,FALSE) -> X | BO5: =VLOOKUP($A5,'[3]allergenen 6nr'!$A$1:$O$1310,14,FALSE) -> X | BP5: =VLOOKUP($A5,'[3]allergenen 6nr'!$A$1:$O$1310,15,FALSE) -> X
A6: 60920500 | B6: =VLOOKUP($A6,[1]maaltijden!$A$1:$IV$65536,4,FALSE) -> DMB ERWTENSOEP MET GEROOKTE SPEKJES 900G | C6: =VLOOKUP($A6,[1]maaltijden!$A$1:$IV$65536,7,FALSE) -> C2227-1H | D6: =VLOOKUP($A6,[1]maaltijden!$A$1:$IV$65536,10,FALSE) -> NVT | E6: =VLOOKUP($A6,[1]maaltijden!$A$1:$IV$65536,13,FALSE) -> DMC X 6 | F6: =IF($D6="Bedrukte folie 470x300",1,0) -> 0 | G6: =VLOOKUP($A6,[1]maaltijden!$A$1:$IV$65536,27,FALSE) -> ! ! ! | H6: =VLOOKUP($A6,[1]maaltijden!$A$1:$IV$65536,21,FALSE) -> 1 | I6: =VLOOKUP($A6,[1]maaltijden!$A$1:$IV$65536,21,FALSE) -> 1 | J6: =VLOOKUP($A6,[1]maaltijden!$A$1:$IV$65536,18,FALSE) -> 3 | K6: =VLOOKUP($A6,[1]maaltijden!$A$1:$IV$65536,17,FALSE) -> 2 | L6: =VLOOKUP($A6,[1]maaltijden!$A$1:$IV$65536,20,FALSE) -> 1750 | M6: =VLOOKUP($A6,[1]maaltijden!$A$1:$IV$65536,22,FALSE) -> 1750 | N6: 0 | O6: 0 | P6: 0 | Q6: 1 | R6: 0 | S6: 0 | T6: 1 | U6: 0 | V6: 1 | W6: 1 | X6: 1 | Y6: 1 | Z6: 1 | AA6: 0 | AB6: 0 | AC6: 0 | AD6: 0 | AE6: 1 | AF6: 0 | AG6: 0 | AH6: 0 | AI6: 1 | AJ6: 0 | AK6: 0 | AL6: 1 | AM6: 0 | AN6: =IFERROR(INDEX([2]lijnopstellingsfiche!$AP$1:$AP$65536,MATCH(A6,[2]lijnopstellingsfiche!$AQ$1:$AQ$65536,0)),"") -> - | AO6: 0 | AP6: 0 | AQ6: 2 | AR6: 0 | AS6: 0 | AT6: 0 | AU6: 0 | AV6: 0 | AW6: 0 | AX6: 0 | AY6: 1 | AZ6: 0 | BA6: 1 | BB6: 0 | BC6: 0 | BD6: =VLOOKUP($A6,'[3]allergenen 6nr'!$A$1:$O$1310,3,FALSE) -> - | BE6: =VLOOKUP($A6,'[3]allergenen 6nr'!$A$1:$O$1310,4,FALSE) -> - | BF6: =VLOOKUP($A6,'[3]allergenen 6nr'!$A$1:$O$1310,5,FALSE) -> X | BG6: =VLOOKUP($A6,'[3]allergenen 6nr'!$A$1:$O$1310,6,FALSE) -> - | BH6: =VLOOKUP($A6,'[3]allergenen 6nr'!$A$1:$O$1310,7,FALSE) -> - | BI6: =VLOOKUP($A6,'[3]allergenen 6nr'!$A$1:$O$1310,8,FALSE) -> - | BJ6: =VLOOKUP($A6,'[3]allergenen 6nr'!$A$1:$O$1310,9,FALSE) -> - | BK6: =VLOOKUP($A6,'[3]allergenen 6nr'!$A$1:$O$1310,10,FALSE) -> - | BL6: =VLOOKUP($A6,'[3]allergenen 6nr'!$A$1:$O$1310,11,FALSE) -> + | BM6: =VLOOKUP($A6,'[3]allergenen 6nr'!$A$1:$O$1310,12,FALSE) -> - | BN6: =VLOOKUP($A6,'[3]allergenen 6nr'!$A$1:$O$1310,13,FALSE) -> X | BO6: =VLOOKUP($A6,'[3]allergenen 6nr'!$A$1:$O$1310,14,FALSE) -> - | BP6: =VLOOKUP($A6,'[3]allergenen 6nr'!$A$1:$O$1310,15,FALSE) -> -
A7: 60920600 | B7: =VLOOKUP($A7,[1]maaltijden!$A$1:$IV$65536,4,FALSE) -> DMB KERVELSOEP 900G | C7: =VLOOKUP($A7,[1]maaltijden!$A$1:$IV$65536,7,FALSE) -> C2227-1H | D7: =VLOOKUP($A7,[1]maaltijden!$A$1:$IV$65536,10,FALSE) -> NVT | E7: =VLOOKUP($A7,[1]maaltijden!$A$1:$IV$65536,13,FALSE) -> DMC X 6 | F7: =IF($D7="Bedrukte folie 470x300",1,0) -> 0 | G7: =VLOOKUP($A7,[1]maaltijden!$A$1:$IV$65536,27,FALSE) -> ! ! ! | H7: =VLOOKUP($A7,[1]maaltijden!$A$1:$IV$65536,21,FALSE) -> 1 | I7: =VLOOKUP($A7,[1]maaltijden!$A$1:$IV$65536,21,FALSE) -> 1 | J7: =VLOOKUP($A7,[1]maaltijden!$A$1:$IV$65536,18,FALSE) -> 3 | K7: =VLOOKUP($A7,[1]maaltijden!$A$1:$IV$65536,17,FALSE) -> 2 | L7: =VLOOKUP($A7,[1]maaltijden!$A$1:$IV$65536,20,FALSE) -> 1750 | M7: =VLOOKUP($A7,[1]maaltijden!$A$1:$IV$65536,22,FALSE) -> 1750 | N7: 0 | O7: 0 | P7: 0 | Q7: 1 | R7: 0 | S7: 0 | T7: 1 | U7: 0 | V7: 1 | W7: 1 | X7: 1 | Y7: 1 | Z7: 0 | AA7: 0 | AB7: 0 | AC7: 0 | AD7: 0 | AE7: 1 | AF7: 0 | AG7: 0 | AH7: 0 | AI7: 1 | AJ7: 0 | AK7: 0 | AL7: 1 | AM7: 0 | AN7: =IFERROR(INDEX([2]lijnopstellingsfiche!$AP$1:$AP$65536,MATCH(A7,[2]lijnopstellingsfiche!$AQ$1:$AQ$65536,0)),"") -> - | AO7: 0 | AP7: 0 | AQ7: 2 | AR7: 0 | AS7: 0 | AT7: 0 | AU7: 0 | AV7: 0 | AW7: 0 | AX7: 0 | AY7: 1 | AZ7: 0 | BA7: 1 | BB7: 0 | BC7: 0 | BD7: =VLOOKUP($A7,'[3]allergenen 6nr'!$A$1:$O$1310,3,FALSE) -> - | BE7: =VLOOKUP($A7,'[3]allergenen 6nr'!$A$1:$O$1310,4,FALSE) -> - | BF7: =VLOOKUP($A7,'[3]allergenen 6nr'!$A$1:$O$1310,5,FALSE) -> + | BG7: =VLOOKUP($A7,'[3]allergenen 6nr'!$A$1:$O$1310,6,FALSE) -> - | BH7: =VLOOKUP($A7,'[3]allergenen 6nr'!$A$1:$O$1310,7,FALSE) -> + | BI7: =VLOOKUP($A7,'[3]allergenen 6nr'!$A$1:$O$1310,8,FALSE) -> - | BJ7: =VLOOKUP($A7,'[3]allergenen 6nr'!$A$1:$O$1310,9,FALSE) -> - | BK7: =VLOOKUP($A7,'[3]allergenen 6nr'!$A$1:$O$1310,10,FALSE) -> - | BL7: =VLOOKUP($A7,'[3]allergenen 6nr'!$A$1:$O$1310,11,FALSE) -> + | BM7: =VLOOKUP($A7,'[3]allergenen 6nr'!$A$1:$O$1310,12,FALSE) -> - | BN7: =VLOOKUP($A7,'[3]allergenen 6nr'!$A$1:$O$1310,13,FALSE) -> - | BO7: =VLOOKUP($A7,'[3]allergenen 6nr'!$A$1:$O$1310,14,FALSE) -> - | BP7: =VLOOKUP($A7,'[3]allergenen 6nr'!$A$1:$O$1310,15,FALSE) -> -
A8: 60920700 | B8: =VLOOKUP($A8,[1]maaltijden!$A$1:$IV$65536,4,FALSE) -> DMB GROENTENSOEP 900G | C8: =VLOOKUP($A8,[1]maaltijden!$A$1:$IV$65536,7,FALSE) -> C2227-1H | D8: =VLOOKUP($A8,[1]maaltijden!$A$1:$IV$65536,10,FALSE) -> NVT | E8: =VLOOKUP($A8,[1]maaltijden!$A$1:$IV$65536,13,FALSE) -> DMC X 6 | F8: =IF($D8="Bedrukte folie 470x300",1,0) -> 0 | G8: =VLOOKUP($A8,[1]maaltijden!$A$1:$IV$65536,27,FALSE) -> ! ! ! | H8: =VLOOKUP($A8,[1]maaltijden!$A$1:$IV$65536,21,FALSE) -> 2 | I8: =VLOOKUP($A8,[1]maaltijden!$A$1:$IV$65536,21,FALSE) -> 2 | J8: =VLOOKUP($A8,[1]maaltijden!$A$1:$IV$65536,18,FALSE) -> 3 | K8: =VLOOKUP($A8,[1]maaltijden!$A$1:$IV$65536,17,FALSE) -> 2 | L8: =VLOOKUP($A8,[1]maaltijden!$A$1:$IV$65536,20,FALSE) -> 1750 | M8: =VLOOKUP($A8,[1]maaltijden!$A$1:$IV$65536,22,FALSE) -> 1750 | N8: 0 | O8: 0 | P8: 0 | Q8: 1 | R8: 0 | S8: 0 | T8: 1 | U8: 0 | V8: 1 | W8: 1 | X8: 1 | Y8: 1 | Z8: 0 | AA8: 0 | AB8: 0 | AC8: 0 | AD8: 0 | AE8: 1 | AF8: 0 | AG8: 0 | AH8: 1 | AI8: 0 | AJ8: 0 | AK8: 0 | AL8: 0 | AM8: 0 | AN8: =IFERROR(INDEX([2]lijnopstellingsfiche!$AP$1:$AP$65536,MATCH(A8,[2]lijnopstellingsfiche!$AQ$1:$AQ$65536,0)),"") -> - | AO8: 0 | AP8: 0 | AQ8: 2 | AR8: 0 | AS8: 0 | AT8: 0 | AU8: 0 | AV8: 0 | AW8: 0 | AX8: 0 | AY8: 1 | AZ8: 0 | BA8: 1 | BB8: 0 | BC8: 0 | BD8: =VLOOKUP($A8,'[3]allergenen 6nr'!$A$1:$O$1310,3,FALSE) -> - | BE8: =VLOOKUP($A8,'[3]allergenen 6nr'!$A$1:$O$1310,4,FALSE) -> X | BF8: =VLOOKUP($A8,'[3]allergenen 6nr'!$A$1:$O$1310,5,FALSE) -> + | BG8: =VLOOKUP($A8,'[3]allergenen 6nr'!$A$1:$O$1310,6,FALSE) -> X | BH8: =VLOOKUP($A8,'[3]allergenen 6nr'!$A$1:$O$1310,7,FALSE) -> - | BI8: =VLOOKUP($A8,'[3]allergenen 6nr'!$A$1:$O$1310,8,FALSE) -> X | BJ8: =VLOOKUP($A8,'[3]allergenen 6nr'!$A$1:$O$1310,9,FALSE) -> - | BK8: =VLOOKUP($A8,'[3]allergenen 6nr'!$A$1:$O$1310,10,FALSE) -> - | BL8: =VLOOKUP($A8,'[3]allergenen 6nr'!$A$1:$O$1310,11,FALSE) -> + | BM8: =VLOOKUP($A8,'[3]allergenen 6nr'!$A$1:$O$1310,12,FALSE) -> - | BN8: =VLOOKUP($A8,'[3]allergenen 6nr'!$A$1:$O$1310,13,FALSE) -> X | BO8: =VLOOKUP($A8,'[3]allergenen 6nr'!$A$1:$O$1310,14,FALSE) -> - | BP8: =VLOOKUP($A8,'[3]allergenen 6nr'!$A$1:$O$1310,15,FALSE) -> -
A9: 60920800 | B9: =VLOOKUP($A9,[1]maaltijden!$A$1:$IV$65536,4,FALSE) -> DMB TOMATENVELOUTE 900G | C9: =VLOOKUP($A9,[1]maaltijden!$A$1:$IV$65536,7,FALSE) -> C2227-1H | D9: =VLOOKUP($A9,[1]maaltijden!$A$1:$IV$65536,10,FALSE) -> NVT | E9: =VLOOKUP($A9,[1]maaltijden!$A$1:$IV$65536,13,FALSE) -> DMC X 6 | F9: =IF($D9="Bedrukte folie 470x300",1,0) -> 0 | G9: =VLOOKUP($A9,[1]maaltijden!$A$1:$IV$65536,27,FALSE) -> ! ! | H9: =VLOOKUP($A9,[1]maaltijden!$A$1:$IV$65536,21,FALSE) -> 1 | I9: =VLOOKUP($A9,[1]maaltijden!$A$1:$IV$65536,21,FALSE) -> 1 | J9: =VLOOKUP($A9,[1]maaltijden!$A$1:$IV$65536,18,FALSE) -> 3 | K9: =VLOOKUP($A9,[1]maaltijden!$A$1:$IV$65536,17,FALSE) -> 2 | L9: =VLOOKUP($A9,[1]maaltijden!$A$1:$IV$65536,20,FALSE) -> 1750 | M9: =VLOOKUP($A9,[1]maaltijden!$A$1:$IV$65536,22,FALSE) -> 1750 | N9: 0 | O9: 0 | P9: 0 | Q9: 1 | R9: 0 | S9: 0 | T9: 1 | U9: 0 | V9: 1 | W9: 1 | X9: 1 | Y9: 1 | Z9: 0 | AA9: 0 | AB9: 0 | AC9: 0 | AD9: 0 | AE9: 1 | AF9: 0 | AG9: 0 | AH9: 0 | AI9: 1 | AJ9: 0 | AK9: 0 | AL9: 1 | AM9: 0 | AN9: =IFERROR(INDEX([2]lijnopstellingsfiche!$AP$1:$AP$65536,MATCH(A9,[2]lijnopstellingsfiche!$AQ$1:$AQ$65536,0)),"") -> - | AO9: 0 | AP9: 0 | AQ9: 2 | AR9: 0 | AS9: 0 | AT9: 0 | AU9: 0 | AV9: 0 | AW9: 0 | AX9: 0 | AY9: 1 | AZ9: 0 | BA9: 1 | BB9: 0 | BC9: 0 | BD9: =VLOOKUP($A9,'[3]allergenen 6nr'!$A$1:$O$1310,3,FALSE) -> - | BE9: =VLOOKUP($A9,'[3]allergenen 6nr'!$A$1:$O$1310,4,FALSE) -> - | BF9: =VLOOKUP($A9,'[3]allergenen 6nr'!$A$1:$O$1310,5,FALSE) -> + | BG9: =VLOOKUP($A9,'[3]allergenen 6nr'!$A$1:$O$1310,6,FALSE) -> - | BH9: =VLOOKUP($A9,'[3]allergenen 6nr'!$A$1:$O$1310,7,FALSE) -> + | BI9: =VLOOKUP($A9,'[3]allergenen 6nr'!$A$1:$O$1310,8,FALSE) -> - | BJ9: =VLOOKUP($A9,'[3]allergenen 6nr'!$A$1:$O$1310,9,FALSE) -> - | BK9: =VLOOKUP($A9,'[3]allergenen 6nr'!$A$1:$O$1310,10,FALSE) -> - | BL9: =VLOOKUP($A9,'[3]allergenen 6nr'!$A$1:$O$1310,11,FALSE) -> - | BM9: =VLOOKUP($A9,'[3]allergenen 6nr'!$A$1:$O$1310,12,FALSE) -> - | BN9: =VLOOKUP($A9,'[3]allergenen 6nr'!$A$1:$O$1310,13,FALSE) -> - | BO9: =VLOOKUP($A9,'[3]allergenen 6nr'!$A$1:$O$1310,14,FALSE) -> - | BP9: =VLOOKUP($A9,'[3]allergenen 6nr'!$A$1:$O$1310,15,FALSE) -> -
A10: 60920900 | B10: =VLOOKUP($A10,[1]maaltijden!$A$1:$IV$65536,4,FALSE) -> DMB POMPOENSOEP 900G | C10: =VLOOKUP($A10,[1]maaltijden!$A$1:$IV$65536,7,FALSE) -> C2227-1H | D10: =VLOOKUP($A10,[1]maaltijden!$A$1:$IV$65536,10,FALSE) -> NVT | E10: =VLOOKUP($A10,[1]maaltijden!$A$1:$IV$65536,13,FALSE) -> DMC X 6 | F10: =IF($D10="Bedrukte folie 470x300",1,0) -> 0 | G10: =VLOOKUP($A10,[1]maaltijden!$A$1:$IV$65536,27,FALSE) -> ! ! | H10: =VLOOKUP($A10,[1]maaltijden!$A$1:$IV$65536,21,FALSE) -> 1 | I10: =VLOOKUP($A10,[1]maaltijden!$A$1:$IV$65536,21,FALSE) -> 1 | J10: =VLOOKUP($A10,[1]maaltijden!$A$1:$IV$65536,18,FALSE) -> 3 | K10: =VLOOKUP($A10,[1]maaltijden!$A$1:$IV$65536,17,FALSE) -> 2 | L10: =VLOOKUP($A10,[1]maaltijden!$A$1:$IV$65536,20,FALSE) -> 1750 | M10: =VLOOKUP($A10,[1]maaltijden!$A$1:$IV$65536,22,FALSE) -> 1750 | N10: 0 | O10: 0 | P10: 0 | Q10: 1 | R10: 0 | S10: 0 | T10: 1 | U10: 1 | V10: 1 | W10: 1 | X10: 1 | Y10: 1 | Z10: 0 | AA10: 0 | AB10: 0 | AC10: 0 | AD10: 0 | AE10: 0 | AF10: 0 | AG10: 0 | AH10: 0 | AI10: 1 | AJ10: 0 | AK10: 0 | AL10: 1 | AM10: 0 | AN10: =IFERROR(INDEX([2]lijnopstellingsfiche!$AP$1:$AP$65536,MATCH(A10,[2]lijnopstellingsfiche!$AQ$1:$AQ$65536,0)),"") -> - | AO10: 0 | AP10: 0 | AQ10: 2 | AR10: 0 | AS10: 0 | AT10: 0 | AU10: 0 | AV10: 0 | AW10: 0 | AX10: 0 | AY10: 1 | AZ10: 0 | BA10: 1 | BB10: 0 | BC10: 0 | BD10: =VLOOKUP($A10,'[3]allergenen 6nr'!$A$1:$O$1310,3,FALSE) -> - | BE10: =VLOOKUP($A10,'[3]allergenen 6nr'!$A$1:$O$1310,4,FALSE) -> - | BF10: =VLOOKUP($A10,'[3]allergenen 6nr'!$A$1:$O$1310,5,FALSE) -> X | BG10: =VLOOKUP($A10,'[3]allergenen 6nr'!$A$1:$O$1310,6,FALSE) -> - | BH10: =VLOOKUP($A10,'[3]allergenen 6nr'!$A$1:$O$1310,7,FALSE) -> + | BI10: =VLOOKUP($A10,'[3]allergenen 6nr'!$A$1:$O$1310,8,FALSE) -> X | BJ10: =VLOOKUP($A10,'[3]allergenen 6nr'!$A$1:$O$1310,9,FALSE) -> - | BK10: =VLOOKUP($A10,'[3]allergenen 6nr'!$A$1:$O$1310,10,FALSE) -> - | BL10: =VLOOKUP($A10,'[3]allergenen 6nr'!$A$1:$O$1310,11,FALSE) -> X | BM10: =VLOOKUP($A10,'[3]allergenen 6nr'!$A$1:$O$1310,12,FALSE) -> - | BN10: =VLOOKUP($A10,'[3]allergenen 6nr'!$A$1:$O$1310,13,FALSE) -> - | BO10: =VLOOKUP($A10,'[3]allergenen 6nr'!$A$1:$O$1310,14,FALSE) -> - | BP10: =VLOOKUP($A10,'[3]allergenen 6nr'!$A$1:$O$1310,15,FALSE) -> -
A11: 60921000 | B11: =VLOOKUP($A11,[1]maaltijden!$A$1:$IV$65536,4,FALSE) -> DMB BROCCOLISOEP 900G | C11: =VLOOKUP($A11,[1]maaltijden!$A$1:$IV$65536,7,FALSE) -> C2227-1H | D11: =VLOOKUP($A11,[1]maaltijden!$A$1:$IV$65536,10,FALSE) -> NVT | E11: =VLOOKUP($A11,[1]maaltijden!$A$1:$IV$65536,13,FALSE) -> DMC X 6 | F11: =IF($D11="Bedrukte folie 470x300",1,0) -> 0 | G11: =VLOOKUP($A11,[1]maaltijden!$A$1:$IV$65536,27,FALSE) -> ! ! ! | H11: =VLOOKUP($A11,[1]maaltijden!$A$1:$IV$65536,21,FALSE) -> 1 | I11: =VLOOKUP($A11,[1]maaltijden!$A$1:$IV$65536,21,FALSE) -> 1 | J11: =VLOOKUP($A11,[1]maaltijden!$A$1:$IV$65536,18,FALSE) -> 3 | K11: =VLOOKUP($A11,[1]maaltijden!$A$1:$IV$65536,17,FALSE) -> 2 | L11: =VLOOKUP($A11,[1]maaltijden!$A$1:$IV$65536,20,FALSE) -> 1750 | M11: =VLOOKUP($A11,[1]maaltijden!$A$1:$IV$65536,22,FALSE) -> 1750 | N11: 0 | O11: 0 | P11: 0 | Q11: 1 | R11: 0 | S11: 0 | T11: 1 | U11: 0 | V11: 1 | W11: 1 | X11: 1 | Y11: 1 | Z11: 0 | AA11: 0 | AB11: 0 | AC11: 0 | AD11: 0 | AE11: 1 | AF11: 0 | AG11: 0 | AH11: 0 | AI11: 1 | AJ11: 0 | AK11: 0 | AL11: 1 | AM11: 0 | AN11: =IFERROR(INDEX([2]lijnopstellingsfiche!$AP$1:$AP$65536,MATCH(A11,[2]lijnopstellingsfiche!$AQ$1:$AQ$65536,0)),"") -> - | AO11: 0 | AP11: 0 | AQ11: 2 | AR11: 0 | AS11: 0 | AT11: 0 | AU11: 0 | AV11: 0 | AW11: 0 | AX11: 0 | AY11: 1 | AZ11: 0 | BA11: 1 | BB11: 0 | BC11: 0 | BD11: =VLOOKUP($A11,'[3]allergenen 6nr'!$A$1:$O$1310,3,FALSE) -> - | BE11: =VLOOKUP($A11,'[3]allergenen 6nr'!$A$1:$O$1310,4,FALSE) -> - | BF11: =VLOOKUP($A11,'[3]allergenen 6nr'!$A$1:$O$1310,5,FALSE) -> + | BG11: =VLOOKUP($A11,'[3]allergenen 6nr'!$A$1:$O$1310,6,FALSE) -> - | BH11: =VLOOKUP($A11,'[3]allergenen 6nr'!$A$1:$O$1310,7,FALSE) -> + | BI11: =VLOOKUP($A11,'[3]allergenen 6nr'!$A$1:$O$1310,8,FALSE) -> - | BJ11: =VLOOKUP($A11,'[3]allergenen 6nr'!$A$1:$O$1310,9,FALSE) -> - | BK11: =VLOOKUP($A11,'[3]allergenen 6nr'!$A$1:$O$1310,10,FALSE) -> - | BL11: =VLOOKUP($A11,'[3]allergenen 6nr'!$A$1:$O$1310,11,FALSE) -> + | BM11: =VLOOKUP($A11,'[3]allergenen 6nr'!$A$1:$O$1310,12,FALSE) -> - | BN11: =VLOOKUP($A11,'[3]allergenen 6nr'!$A$1:$O$1310,13,FALSE) -> - | BO11: =VLOOKUP($A11,'[3]allergenen 6nr'!$A$1:$O$1310,14,FALSE) -> - | BP11: =VLOOKUP($A11,'[3]allergenen 6nr'!$A$1:$O$1310,15,FALSE) -> -
A12: 60921100 | B12: =VLOOKUP($A12,[1]maaltijden!$A$1:$IV$65536,4,FALSE) -> DMB CHAMPIGNONSOEP 900G | C12: =VLOOKUP($A12,[1]maaltijden!$A$1:$IV$65536,7,FALSE) -> C2227-1H | D12: =VLOOKUP($A12,[1]maaltijden!$A$1:$IV$65536,10,FALSE) -> NVT | E12: =VLOOKUP($A12,[1]maaltijden!$A$1:$IV$65536,13,FALSE) -> DMC X 6 | F12: =IF($D12="Bedrukte folie 470x300",1,0) -> 0 | G12: =VLOOKUP($A12,[1]maaltijden!$A$1:$IV$65536,27,FALSE) -> ! ! ! | H12: =VLOOKUP($A12,[1]maaltijden!$A$1:$IV$65536,21,FALSE) -> 1 | I12: =VLOOKUP($A12,[1]maaltijden!$A$1:$IV$65536,21,FALSE) -> 1 | J12: =VLOOKUP($A12,[1]maaltijden!$A$1:$IV$65536,18,FALSE) -> 3 | K12: =VLOOKUP($A12,[1]maaltijden!$A$1:$IV$65536,17,FALSE) -> 2 | L12: =VLOOKUP($A12,[1]maaltijden!$A$1:$IV$65536,20,FALSE) -> 1750 | M12: =VLOOKUP($A12,[1]maaltijden!$A$1:$IV$65536,22,FALSE) -> 1750 | N12: 0 | O12: 0 | P12: 0 | Q12: 1 | R12: 0 | S12: 0 | T12: 1 | U12: 1 | V12: 1 | W12: 1 | X12: 1 | Y12: 1 | Z12: 0 | AA12: 0 | AB12: 0 | AC12: 0 | AD12: 0 | AE12: 0 | AF12: 0 | AG12: 0 | AH12: 0 | AI12: 1 | AJ12: 0 | AK12: 0 | AL12: 1 | AM12: 0 | AN12: =IFERROR(INDEX([2]lijnopstellingsfiche!$AP$1:$AP$65536,MATCH(A12,[2]lijnopstellingsfiche!$AQ$1:$AQ$65536,0)),"") -> - | AO12: 0 | AP12: 0 | AQ12: 2 | AR12: 0 | AS12: 0 | AT12: 0 | AU12: 0 | AV12: 0 | AW12: 0 | AX12: 0 | AY12: 1 | AZ12: 0 | BA12: 1 | BB12: 0 | BC12: 0 | BD12: =VLOOKUP($A12,'[3]allergenen 6nr'!$A$1:$O$1310,3,FALSE) -> - | BE12: =VLOOKUP($A12,'[3]allergenen 6nr'!$A$1:$O$1310,4,FALSE) -> - | BF12: =VLOOKUP($A12,'[3]allergenen 6nr'!$A$1:$O$1310,5,FALSE) -> + | BG12: =VLOOKUP($A12,'[3]allergenen 6nr'!$A$1:$O$1310,6,FALSE) -> X | BH12: =VLOOKUP($A12,'[3]allergenen 6nr'!$A$1:$O$1310,7,FALSE) -> + | BI12: =VLOOKUP($A12,'[3]allergenen 6nr'!$A$1:$O$1310,8,FALSE) -> X | BJ12: =VLOOKUP($A12,'[3]allergenen 6nr'!$A$1:$O$1310,9,FALSE) -> - | BK12: =VLOOKUP($A12,'[3]allergenen 6nr'!$A$1:$O$1310,10,FALSE) -> - | BL12: =VLOOKUP($A12,'[3]allergenen 6nr'!$A$1:$O$1310,11,FALSE) -> + | BM12: =VLOOKUP($A12,'[3]allergenen 6nr'!$A$1:$O$1310,12,FALSE) -> - | BN12: =VLOOKUP($A12,'[3]allergenen 6nr'!$A$1:$O$1310,13,FALSE) -> X | BO12: =VLOOKUP($A12,'[3]allergenen 6nr'!$A$1:$O$1310,14,FALSE) -> - | BP12: =VLOOKUP($A12,'[3]allergenen 6nr'!$A$1:$O$1310,15,FALSE) -> -
A13: 60921200 | B13: =VLOOKUP($A13,[1]maaltijden!$A$1:$IV$65536,4,FALSE) -> DMB WORTELSOEP 900G | C13: =VLOOKUP($A13,[1]maaltijden!$A$1:$IV$65536,7,FALSE) -> C2227-1H | D13: =VLOOKUP($A13,[1]maaltijden!$A$1:$IV$65536,10,FALSE) -> NVT | E13: =VLOOKUP($A13,[1]maaltijden!$A$1:$IV$65536,13,FALSE) -> DMC X 6 | F13: =IF($D13="Bedrukte folie 470x300",1,0) -> 0 | G13: =VLOOKUP($A13,[1]maaltijden!$A$1:$IV$65536,27,FALSE) -> ! ! ! | H13: =VLOOKUP($A13,[1]maaltijden!$A$1:$IV$65536,21,FALSE) -> 1 | I13: =VLOOKUP($A13,[1]maaltijden!$A$1:$IV$65536,21,FALSE) -> 1 | J13: =VLOOKUP($A13,[1]maaltijden!$A$1:$IV$65536,18,FALSE) -> 3 | K13: =VLOOKUP($A13,[1]maaltijden!$A$1:$IV$65536,17,FALSE) -> 1 | L13: =VLOOKUP($A13,[1]maaltijden!$A$1:$IV$65536,20,FALSE) -> 1750 | M13: =VLOOKUP($A13,[1]maaltijden!$A$1:$IV$65536,22,FALSE) -> 1750 | N13: 0 | O13: 0 | P13: 0 | Q13: 1 | R13: 0 | S13: 1 | T13: 1 | U13: 1 | V13: 1 | W13: 1 | X13: 1 | Y13: 1 | Z13: 0 | AA13: 0 | AB13: 0 | AC13: 0 | AD13: 0 | AE13: 0 | AF13: 0 | AG13: 0 | AH13: 0 | AI13: 1 | AJ13: 0 | AK13: 0 | AL13: 1 | AM13: 0 | AN13: =IFERROR(INDEX([2]lijnopstellingsfiche!$AP$1:$AP$65536,MATCH(A13,[2]lijnopstellingsfiche!$AQ$1:$AQ$65536,0)),"") -> - | AO13: 0 | AP13: 0 | AQ13: 2 | AR13: 0 | AS13: 0 | AT13: 0 | AU13: 0 | AV13: 0 | AW13: 0 | AX13: 0 | AY13: 1 | AZ13: 0 | BA13: 1 | BB13: 0 | BC13: 0 | BD13: =VLOOKUP($A13,'[3]allergenen 6nr'!$A$1:$O$1310,3,FALSE) -> - | BE13: =VLOOKUP($A13,'[3]allergenen 6nr'!$A$1:$O$1310,4,FALSE) -> - | BF13: =VLOOKUP($A13,'[3]allergenen 6nr'!$A$1:$O$1310,5,FALSE) -> X | BG13: =VLOOKUP($A13,'[3]allergenen 6nr'!$A$1:$O$1310,6,FALSE) -> - | BH13: =VLOOKUP($A13,'[3]allergenen 6nr'!$A$1:$O$1310,7,FALSE) -> + | BI13: =VLOOKUP($A13,'[3]allergenen 6nr'!$A$1:$O$1310,8,FALSE) -> X | BJ13: =VLOOKUP($A13,'[3]allergenen 6nr'!$A$1:$O$1310,9,FALSE) -> - | BK13: =VLOOKUP($A13,'[3]allergenen 6nr'!$A$1:$O$1310,10,FALSE) -> - | BL13: =VLOOKUP($A13,'[3]allergenen 6nr'!$A$1:$O$1310,11,FALSE) -> + | BM13: =VLOOKUP($A13,'[3]allergenen 6nr'!$A$1:$O$1310,12,FALSE) -> - | BN13: =VLOOKUP($A13,'[3]allergenen 6nr'!$A$1:$O$1310,13,FALSE) -> - | BO13: =VLOOKUP($A13,'[3]allergenen 6nr'!$A$1:$O$1310,14,FALSE) -> - | BP13: =VLOOKUP($A13,'[3]allergenen 6nr'!$A$1:$O$1310,15,FALSE) -> -
A14: 60921300 | B14: =VLOOKUP($A14,[1]maaltijden!$A$1:$IV$65536,4,FALSE) -> DMB BLOEMKOOLSOEP 900G | C14: =VLOOKUP($A14,[1]maaltijden!$A$1:$IV$65536,7,FALSE) -> C2227-1H | D14: =VLOOKUP($A14,[1]maaltijden!$A$1:$IV$65536,10,FALSE) -> NVT | E14: =VLOOKUP($A14,[1]maaltijden!$A$1:$IV$65536,13,FALSE) -> DMC X 6 | F14: =IF($D14="Bedrukte folie 470x300",1,0) -> 0 | G14: =VLOOKUP($A14,[1]maaltijden!$A$1:$IV$65536,27,FALSE) -> ! ! ! | H14: =VLOOKUP($A14,[1]maaltijden!$A$1:$IV$65536,21,FALSE) -> 2 | I14: =VLOOKUP($A14,[1]maaltijden!$A$1:$IV$65536,21,FALSE) -> 2 | J14: =VLOOKUP($A14,[1]maaltijden!$A$1:$IV$65536,18,FALSE) -> 3 | K14: =VLOOKUP($A14,[1]maaltijden!$A$1:$IV$65536,17,FALSE) -> 1 | L14: =VLOOKUP($A14,[1]maaltijden!$A$1:$IV$65536,20,FALSE) -> 1750 | M14: =VLOOKUP($A14,[1]maaltijden!$A$1:$IV$65536,22,FALSE) -> 1750 | N14: 0 | O14: 0 | P14: 0 | Q14: 1 | R14: 0 | S14: 0 | T14: 1 | U14: 1 | V14: 1 | W14: 1 | X14: 1 | Y14: 1 | Z14: 0 | AA14: 0 | AB14: 0 | AC14: 0 | AD14: 0 | AE14: 0 | AF14: 0 | AG14: 0 | AH14: 1 | AI14: 0 | AJ14: 0 | AK14: 0 | AL14: 1 | AM14: 0 | AN14: =IFERROR(INDEX([2]lijnopstellingsfiche!$AP$1:$AP$65536,MATCH(A14,[2]lijnopstellingsfiche!$AQ$1:$AQ$65536,0)),"") -> - | AO14: 0 | AP14: 0 | AQ14: 2 | AR14: 0 | AS14: 0 | AT14: 0 | AU14: 0 | AV14: 0 | AW14: 0 | AX14: 0 | AY14: 1 | AZ14: 0 | BA14: 1 | BB14: 0 | BC14: 0 | BD14: =VLOOKUP($A14,'[3]allergenen 6nr'!$A$1:$O$1310,3,FALSE) -> - | BE14: =VLOOKUP($A14,'[3]allergenen 6nr'!$A$1:$O$1310,4,FALSE) -> - | BF14: =VLOOKUP($A14,'[3]allergenen 6nr'!$A$1:$O$1310,5,FALSE) -> + | BG14: =VLOOKUP($A14,'[3]allergenen 6nr'!$A$1:$O$1310,6,FALSE) -> - | BH14: =VLOOKUP($A14,'[3]allergenen 6nr'!$A$1:$O$1310,7,FALSE) -> + | BI14: =VLOOKUP($A14,'[3]allergenen 6nr'!$A$1:$O$1310,8,FALSE) -> - | BJ14: =VLOOKUP($A14,'[3]allergenen 6nr'!$A$1:$O$1310,9,FALSE) -> - | BK14: =VLOOKUP($A14,'[3]allergenen 6nr'!$A$1:$O$1310,10,FALSE) -> - | BL14: =VLOOKUP($A14,'[3]allergenen 6nr'!$A$1:$O$1310,11,FALSE) -> + | BM14: =VLOOKUP($A14,'[3]allergenen 6nr'!$A$1:$O$1310,12,FALSE) -> - | BN14: =VLOOKUP($A14,'[3]allergenen 6nr'!$A$1:$O$1310,13,FALSE) -> - | BO14: =VLOOKUP($A14,'[3]allergenen 6nr'!$A$1:$O$1310,14,FALSE) -> - | BP14: =VLOOKUP($A14,'[3]allergenen 6nr'!$A$1:$O$1310,15,FALSE) -> -
... A18: 61642800 | B18: =VLOOKUP($A18,[1]maaltijden!$A$1:$IV$65536,4,FALSE) -> COLR KIP CURRY BASMATI GROENE GROENTEN 500g | C18: =VLOOKUP($A18,[1]maaltijden!$A$1:$IV$65536,7,FALSE) -> C2227-2X | D18: =VLOOKUP($A18,[1]maaltijden!$A$1:$IV$65536,10,FALSE) -> H10 | E18: =VLOOKUP($A18,[1]maaltijden!$A$1:$IV$65536,13,FALSE) -> H10X8 | F18: =IF($D18="Bedrukte folie 470x300",1,0) -> 0 | G18: =VLOOKUP($A18,[1]maaltijden!$A$1:$IV$65536,27,FALSE) -> ! ! | H18: =VLOOKUP($A18,[1]maaltijden!$A$1:$IV$65536,21,FALSE) -> 6 | I18: =VLOOKUP($A18,[1]maaltijden!$A$1:$IV$65536,21,FALSE) -> 6 | J18: =VLOOKUP($A18,[1]maaltijden!$A$1:$IV$65536,18,FALSE) -> 2 | K18: =VLOOKUP($A18,[1]maaltijden!$A$1:$IV$65536,17,FALSE) -> 3 | L18: =VLOOKUP($A18,[1]maaltijden!$A$1:$IV$65536,20,FALSE) -> 2200 | M18: =VLOOKUP($A18,[1]maaltijden!$A$1:$IV$65536,22,FALSE) -> 2200 | N18: 0 | O18: 0 | P18: 1 | Q18: 2 | R18: 0 | S18: 1 | T18: 1 | U18: 1 | V18: 1 | W18: 1 | X18: 1 | Y18: 1 | Z18: 0 | AA18: 0 | AB18: 0 | AC18: 0 | AD18: 0 | AE18: 0 | AF18: 0 | AG18: 1 | AH18: 1 | AI18: 0 | AJ18: 1 | AK18: 0 | AL18: 0 | AM18: 1 | AN18: =IFERROR(INDEX([2]lijnopstellingsfiche!$AP$1:$AP$65536,MATCH(A18,[2]lijnopstellingsfiche!$AQ$1:$AQ$65536,0)),"") -> - | AO18: 0 | AP18: 0 | AQ18: 1 | AR18: 0 | AS18: 1 | AT18: 0 | AU18: 0 | AV18: 0 | AW18: 1 | AX18: 0 | AY18: 1 | AZ18: 1 | BA18: 0 | BB18: 1 | BC18: 0 | BD18: =VLOOKUP($A18,'[3]allergenen 6nr'!$A$1:$O$1310,3,FALSE) -> - | BE18: =VLOOKUP($A18,'[3]allergenen 6nr'!$A$1:$O$1310,4,FALSE) -> X | BF18: =VLOOKUP($A18,'[3]allergenen 6nr'!$A$1:$O$1310,5,FALSE) -> + | BG18: =VLOOKUP($A18,'[3]allergenen 6nr'!$A$1:$O$1310,6,FALSE) -> X | BH18: =VLOOKUP($A18,'[3]allergenen 6nr'!$A$1:$O$1310,7,FALSE) -> + | BI18: =VLOOKUP($A18,'[3]allergenen 6nr'!$A$1:$O$1310,8,FALSE) -> X | BJ18: =VLOOKUP($A18,'[3]allergenen 6nr'!$A$1:$O$1310,9,FALSE) -> - | BK18: =VLOOKUP($A18,'[3]allergenen 6nr'!$A$1:$O$1310,10,FALSE) -> - | BL18: =VLOOKUP($A18,'[3]allergenen 6nr'!$A$1:$O$1310,11,FALSE) -> - | BM18: =VLOOKUP($A18,'[3]allergenen 6nr'!$A$1:$O$1310,12,FALSE) -> - | BN18: =VLOOKUP($A18,'[3]allergenen 6nr'!$A$1:$O$1310,13,FALSE) -> X | BO18: =VLOOKUP($A18,'[3]allergenen 6nr'!$A$1:$O$1310,14,FALSE) -> - | BP18: =VLOOKUP($A18,'[3]allergenen 6nr'!$A$1:$O$1310,15,FALSE) -> -
A19: 61659300 | B19: =VLOOKUP($A19,[1]maaltijden!$A$1:$IV$65536,4,FALSE) -> ALDI BE RUNDSTONG BR MADEIRASAUS 750G | C19: =VLOOKUP($A19,[1]maaltijden!$A$1:$IV$65536,7,FALSE) -> C2227-1E | D19: =VLOOKUP($A19,[1]maaltijden!$A$1:$IV$65536,10,FALSE) -> H10 | E19: =VLOOKUP($A19,[1]maaltijden!$A$1:$IV$65536,13,FALSE) -> H10x18 | F19: =IF($D19="Bedrukte folie 470x300",1,0) -> 0 | G19: =VLOOKUP($A19,[1]maaltijden!$A$1:$IV$65536,27,FALSE) -> ! ! ! | H19: =VLOOKUP($A19,[1]maaltijden!$A$1:$IV$65536,21,FALSE) -> 5 | I19: =VLOOKUP($A19,[1]maaltijden!$A$1:$IV$65536,21,FALSE) -> 5 | J19: =VLOOKUP($A19,[1]maaltijden!$A$1:$IV$65536,18,FALSE) -> 2 | K19: =VLOOKUP($A19,[1]maaltijden!$A$1:$IV$65536,17,FALSE) -> 2 | L19: =VLOOKUP($A19,[1]maaltijden!$A$1:$IV$65536,20,FALSE) -> 2000 | M19: 2000 | N19: L2 : manueel afwegen | O19: 0 | P19: 1 | Q19: 0 | R19: 0 | S19: 1 | T19: 0 | U19: 0 | V19: 1 | W19: 1 | X19: 1 | Y19: 1 | Z19: 0 | AA19: 1 | AB19: 0 | AC19: 0 | AD19: 0 | AE19: 1 | AF19: 0 | AG19: 0 | AH19: 0 | AI19: 3 | AJ19: 0 | AK19: 0 | AL19: 0 | AM19: 0 | AN19: =IFERROR(INDEX([2]lijnopstellingsfiche!$AP$1:$AP$65536,MATCH(A19,[2]lijnopstellingsfiche!$AQ$1:$AQ$65536,0)),"") -> - | AO19: 0 | AP19: 0 | AQ19: 2 | AR19: 0 | AS19: 1 | AT19: 0 | AU19: 0 | AV19: 0 | AW19: 1 | AX19: 0 | AY19: 1 | AZ19: 1 | BA19: 0 | BB19: 1 | BC19: 0 | BD19: =VLOOKUP($A19,'[3]allergenen 6nr'!$A$1:$O$1310,3,FALSE) -> - | BE19: =VLOOKUP($A19,'[3]allergenen 6nr'!$A$1:$O$1310,4,FALSE) -> - | BF19: =VLOOKUP($A19,'[3]allergenen 6nr'!$A$1:$O$1310,5,FALSE) -> + | BG19: =VLOOKUP($A19,'[3]allergenen 6nr'!$A$1:$O$1310,6,FALSE) -> X | BH19: =VLOOKUP($A19,'[3]allergenen 6nr'!$A$1:$O$1310,7,FALSE) -> - | BI19: =VLOOKUP($A19,'[3]allergenen 6nr'!$A$1:$O$1310,8,FALSE) -> X | BJ19: =VLOOKUP($A19,'[3]allergenen 6nr'!$A$1:$O$1310,9,FALSE) -> - | BK19: =VLOOKUP($A19,'[3]allergenen 6nr'!$A$1:$O$1310,10,FALSE) -> - | BL19: =VLOOKUP($A19,'[3]allergenen 6nr'!$A$1:$O$1310,11,FALSE) -> + | BM19: =VLOOKUP($A19,'[3]allergenen 6nr'!$A$1:$O$1310,12,FALSE) -> - | BN19: =VLOOKUP($A19,'[3]allergenen 6nr'!$A$1:$O$1310,13,FALSE) -> X | BO19: =VLOOKUP($A19,'[3]allergenen 6nr'!$A$1:$O$1310,14,FALSE) -> - | BP19: =VLOOKUP($A19,'[3]allergenen 6nr'!$A$1:$O$1310,15,FALSE) -> -
A20: 61672000 | B20: =VLOOKUP($A20,[1]maaltijden!$A$1:$IV$65536,4,FALSE) -> APETITO EW AVV BAMI GORENG KIPSATE 475G | C20: =VLOOKUP($A20,[1]maaltijden!$A$1:$IV$65536,7,FALSE) -> C2227-2X WIT | D20: =VLOOKUP($A20,[1]maaltijden!$A$1:$IV$65536,10,FALSE) -> NVT | E20: =VLOOKUP($A20,[1]maaltijden!$A$1:$IV$65536,13,FALSE) -> C2227X8 | F20: =IF($D20="Bedrukte folie 470x300",1,0) -> 0 | G20: =VLOOKUP($A20,[1]maaltijden!$A$1:$IV$65536,27,FALSE) -> X | H20: =VLOOKUP($A20,[1]maaltijden!$A$1:$IV$65536,21,FALSE) -> 5 | I20: 9 | J20: =VLOOKUP($A20,[1]maaltijden!$A$1:$IV$65536,18,FALSE) -> 3 | K20: =VLOOKUP($A20,[1]maaltijden!$A$1:$IV$65536,17,FALSE) -> 3 | L20: =VLOOKUP($A20,[1]maaltijden!$A$1:$IV$65536,20,FALSE) -> 2200 | M20: 2001 | N20: niet samen met 61672200 | O20: 0 | P20: 0 | Q20: 1 | R20: 0 | S20: 0 | T20: 1 | U20: 1 | V20: 1 | W20: 1 | X20: 1 | Y20: 1 | Z20: 0 | AA20: 0 | AB20: 0 | AC20: 1 | AD20: 1 | AE20: 0 | AF20: 0 | AG20: 1 | AH20: 1 | AI20: 1 | AJ20: 1 | AK20: 0 | AL20: 0 | AM20: 0 | AN20: =IFERROR(INDEX([2]lijnopstellingsfiche!$AP$1:$AP$65536,MATCH(A20,[2]lijnopstellingsfiche!$AQ$1:$AQ$65536,0)),"") -> 1 | AO20: 1 | AP20: 0 | AQ20: 1 | AR20: 0 | AS20: 0 | AT20: 1 | AU20: 0 | AV20: 0 | AW20: 0 | AX20: 0 | AY20: 0 | AZ20: 0 | BA20: 1 | BB20: 0 | BC20: 0
A21: 61672100 | B21: =VLOOKUP($A21,[1]maaltijden!$A$1:$IV$65536,4,FALSE) -> APETITO EW AVV NASI GORENG KIPSATE 475G | C21: =VLOOKUP($A21,[1]maaltijden!$A$1:$IV$65536,7,FALSE) -> C2227-2X WIT | D21: =VLOOKUP($A21,[1]maaltijden!$A$1:$IV$65536,10,FALSE) -> NVT | E21: =VLOOKUP($A21,[1]maaltijden!$A$1:$IV$65536,13,FALSE) -> C2227X8 | F21: =IF($D21="Bedrukte folie 470x300",1,0) -> 0 | G21: =VLOOKUP($A21,[1]maaltijden!$A$1:$IV$65536,27,FALSE) -> X | H21: =VLOOKUP($A21,[1]maaltijden!$A$1:$IV$65536,21,FALSE) -> 5 | I21: =VLOOKUP($A21,[1]maaltijden!$A$1:$IV$65536,21,FALSE) -> 5 | J21: =VLOOKUP($A21,[1]maaltijden!$A$1:$IV$65536,18,FALSE) -> 3 | K21: =VLOOKUP($A21,[1]maaltijden!$A$1:$IV$65536,17,FALSE) -> 3 | L21: x | M21: =VLOOKUP($A21,[1]maaltijden!$A$1:$IV$65536,22,FALSE) -> 2200 | O21: 0 | P21: 0 | Q21: 1 | R21: 0 | S21: 0 | T21: 1 | U21: 1 | V21: 1 | W21: 1 | X21: 1 | Y21: 1 | Z21: 0 | AA21: 0 | AB21: 0 | AC21: 1 | AD21: 1 | AE21: 0 | AF21: 0 | AG21: 1 | AH21: 1 | AI21: 1 | AJ21: 1 | AK21: 0 | AL21: 0 | AM21: 0 | AN21: =IFERROR(INDEX([2]lijnopstellingsfiche!$AP$1:$AP$65536,MATCH(A21,[2]lijnopstellingsfiche!$AQ$1:$AQ$65536,0)),"") -> 1 | AO21: 1 | AP21: 0 | AQ21: 1 | AR21: 0 | AS21: 0 | AT21: 1 | AU21: 0 | AV21: 0 | AW21: 0 | AX21: 0 | AY21: 0 | AZ21: 0 | BA21: 1 | BB21: 0 | BC21: 0 | BD21: =VLOOKUP($A21,'[3]allergenen 6nr'!$A$1:$O$1310,3,FALSE) -> + | BE21: =VLOOKUP($A21,'[3]allergenen 6nr'!$A$1:$O$1310,4,FALSE) -> + | BF21: =VLOOKUP($A21,'[3]allergenen 6nr'!$A$1:$O$1310,5,FALSE) -> + | BG21: =VLOOKUP($A21,'[3]allergenen 6nr'!$A$1:$O$1310,6,FALSE) -> - | BH21: =VLOOKUP($A21,'[3]allergenen 6nr'!$A$1:$O$1310,7,FALSE) -> - | BI21: =VLOOKUP($A21,'[3]allergenen 6nr'!$A$1:$O$1310,8,FALSE) -> - | BJ21: =VLOOKUP($A21,'[3]allergenen 6nr'!$A$1:$O$1310,9,FALSE) -> - | BK21: =VLOOKUP($A21,'[3]allergenen 6nr'!$A$1:$O$1310,10,FALSE) -> - | BL21: =VLOOKUP($A21,'[3]allergenen 6nr'!$A$1:$O$1310,11,FALSE) -> + | BM21: =VLOOKUP($A21,'[3]allergenen 6nr'!$A$1:$O$1310,12,FALSE) -> - | BN21: =VLOOKUP($A21,'[3]allergenen 6nr'!$A$1:$O$1310,13,FALSE) -> + | BO21: =VLOOKUP($A21,'[3]allergenen 6nr'!$A$1:$O$1310,14,FALSE) -> - | BP21: =VLOOKUP($A21,'[3]allergenen 6nr'!$A$1:$O$1310,15,FALSE) -> -
A22: 61672200 | B22: =VLOOKUP($A22,[1]maaltijden!$A$1:$IV$65536,4,FALSE) -> APETITO EW AVV BAMI GORENG KIPSATE NA ARM 475G | C22: =VLOOKUP($A22,[1]maaltijden!$A$1:$IV$65536,7,FALSE) -> C2227-2X WIT | D22: =VLOOKUP($A22,[1]maaltijden!$A$1:$IV$65536,10,FALSE) -> NVT | E22: =VLOOKUP($A22,[1]maaltijden!$A$1:$IV$65536,13,FALSE) -> C2227X8 | F22: =IF($D22="Bedrukte folie 470x300",1,0) -> 0 | G22: =VLOOKUP($A22,[1]maaltijden!$A$1:$IV$65536,27,FALSE) -> X | H22: =VLOOKUP($A22,[1]maaltijden!$A$1:$IV$65536,21,FALSE) -> 5 | I22: =VLOOKUP($A22,[1]maaltijden!$A$1:$IV$65536,21,FALSE) -> 5 | J22: =VLOOKUP($A22,[1]maaltijden!$A$1:$IV$65536,18,FALSE) -> 3 | K22: =VLOOKUP($A22,[1]maaltijden!$A$1:$IV$65536,17,FALSE) -> 3 | L22: x | M22: =VLOOKUP($A22,[1]maaltijden!$A$1:$IV$65536,22,FALSE) -> 2200 | O22: 0 | P22: 0 | Q22: 1 | R22: 0 | S22: 0 | T22: 1 | U22: 1 | V22: 1 | W22: 1 | X22: 1 | Y22: 1 | Z22: 0 | AA22: 0 | AB22: 0 | AC22: 1 | AD22: 1 | AE22: 0 | AF22: 0 | AG22: 1 | AH22: 1 | AI22: 1 | AJ22: 1 | AK22: 0 | AL22: 0 | AM22: 0 | AN22: =IFERROR(INDEX([2]lijnopstellingsfiche!$AP$1:$AP$65536,MATCH(A22,[2]lijnopstellingsfiche!$AQ$1:$AQ$65536,0)),"") -> 1 | AO22: 1 | AP22: 0 | AQ22: 1 | AR22: 0 | AS22: 0 | AT22: 1 | AU22: 0 | AV22: 0 | AW22: 0 | AX22: 0 | AY22: 0 | AZ22: 0 | BA22: 1 | BB22: 0 | BC22: 0 | BD22: =VLOOKUP($A22,'[3]allergenen 6nr'!$A$1:$O$1310,3,FALSE) -> + | BE22: =VLOOKUP($A22,'[3]allergenen 6nr'!$A$1:$O$1310,4,FALSE) -> + | BF22: =VLOOKUP($A22,'[3]allergenen 6nr'!$A$1:$O$1310,5,FALSE) -> + | BG22: =VLOOKUP($A22,'[3]allergenen 6nr'!$A$1:$O$1310,6,FALSE) -> X | BH22: =VLOOKUP($A22,'[3]allergenen 6nr'!$A$1:$O$1310,7,FALSE) -> - | BI22: =VLOOKUP($A22,'[3]allergenen 6nr'!$A$1:$O$1310,8,FALSE) -> X | BJ22: =VLOOKUP($A22,'[3]allergenen 6nr'!$A$1:$O$1310,9,FALSE) -> - | BK22: =VLOOKUP($A22,'[3]allergenen 6nr'!$A$1:$O$1310,10,FALSE) -> - | BL22: =VLOOKUP($A22,'[3]allergenen 6nr'!$A$1:$O$1310,11,FALSE) -> - | BM22: =VLOOKUP($A22,'[3]allergenen 6nr'!$A$1:$O$1310,12,FALSE) -> - | BN22: =VLOOKUP($A22,'[3]allergenen 6nr'!$A$1:$O$1310,13,FALSE) -> X | BO22: =VLOOKUP($A22,'[3]allergenen 6nr'!$A$1:$O$1310,14,FALSE) -> - | BP22: =VLOOKUP($A22,'[3]allergenen 6nr'!$A$1:$O$1310,15,FALSE) -> -
A23: 61672300 | B23: =VLOOKUP($A23,[1]maaltijden!$A$1:$IV$65536,4,FALSE) -> APETITO LASAGNE BOLOGNAISE 570G | C23: =VLOOKUP($A23,[1]maaltijden!$A$1:$IV$65536,7,FALSE) -> C2227-1E | D23: =VLOOKUP($A23,[1]maaltijden!$A$1:$IV$65536,10,FALSE) -> NVT | E23: =VLOOKUP($A23,[1]maaltijden!$A$1:$IV$65536,13,FALSE) -> C2227X8 | F23: =IF($D23="Bedrukte folie 470x300",1,0) -> 0 | G23: =VLOOKUP($A23,[1]maaltijden!$A$1:$IV$65536,27,FALSE) -> ! ! ! | H23: =VLOOKUP($A23,[1]maaltijden!$A$1:$IV$65536,21,FALSE) -> 4 | I23: =VLOOKUP($A23,[1]maaltijden!$A$1:$IV$65536,21,FALSE) -> 4 | J23: =VLOOKUP($A23,[1]maaltijden!$A$1:$IV$65536,18,FALSE) -> 3 | K23: =VLOOKUP($A23,[1]maaltijden!$A$1:$IV$65536,17,FALSE) -> 2 | L23: x | M23: =VLOOKUP($A23,[1]maaltijden!$A$1:$IV$65536,22,FALSE) -> 2200 | O23: 0 | P23: 0 | Q23: 1 | R23: 0 | S23: 0 | T23: 1 | U23: 0 | V23: 1 | W23: 1 | X23: 1 | Y23: 1 | Z23: 0 | AA23: 0 | AB23: 1 | AC23: 0 | AD23: 0 | AE23: 0 | AF23: 0 | AG23: 0 | AH23: 2 | AI23: 0 | AJ23: 0 | AK23: 0 | AL23: 0 | AM23: 0 | AN23: =IFERROR(INDEX([2]lijnopstellingsfiche!$AP$1:$AP$65536,MATCH(A23,[2]lijnopstellingsfiche!$AQ$1:$AQ$65536,0)),"") -> - | AO23: 0 | AP23: 1 | AQ23: 4 | AR23: 0 | AS23: 0 | AT23: 0 | AU23: 0 | AV23: 0 | AW23: 0 | AX23: 0 | AY23: 0 | AZ23: 0 | BA23: 1 | BB23: 0 | BC23: 0 | BD23: =VLOOKUP($A23,'[3]allergenen 6nr'!$A$1:$O$1310,3,FALSE) -> - | BE23: =VLOOKUP($A23,'[3]allergenen 6nr'!$A$1:$O$1310,4,FALSE) -> + | BF23: =VLOOKUP($A23,'[3]allergenen 6nr'!$A$1:$O$1310,5,FALSE) -> + | BG23: =VLOOKUP($A23,'[3]allergenen 6nr'!$A$1:$O$1310,6,FALSE) -> - | BH23: =VLOOKUP($A23,'[3]allergenen 6nr'!$A$1:$O$1310,7,FALSE) -> + | BI23: =VLOOKUP($A23,'[3]allergenen 6nr'!$A$1:$O$1310,8,FALSE) -> - | BJ23: =VLOOKUP($A23,'[3]allergenen 6nr'!$A$1:$O$1310,9,FALSE) -> - | BK23: =VLOOKUP($A23,'[3]allergenen 6nr'!$A$1:$O$1310,10,FALSE) -> X | BL23: =VLOOKUP($A23,'[3]allergenen 6nr'!$A$1:$O$1310,11,FALSE) -> + | BM23: =VLOOKUP($A23,'[3]allergenen 6nr'!$A$1:$O$1310,12,FALSE) -> - | BN23: =VLOOKUP($A23,'[3]allergenen 6nr'!$A$1:$O$1310,13,FALSE) -> X | BO23: =VLOOKUP($A23,'[3]allergenen 6nr'!$A$1:$O$1310,14,FALSE) -> X | BP23: =VLOOKUP($A23,'[3]allergenen 6nr'!$A$1:$O$1310,15,FALSE) -> -
A24: 61686000 | B24: =VLOOKUP($A24,[1]maaltijden!$A$1:$IV$65536,4,FALSE) -> LIDL BE AARDAPPELGRATIN XXL 800G | C24: =VLOOKUP($A24,[1]maaltijden!$A$1:$IV$65536,7,FALSE) -> C2227-1E | D24: =VLOOKUP($A24,[1]maaltijden!$A$1:$IV$65536,10,FALSE) -> H10 | E24: =VLOOKUP($A24,[1]maaltijden!$A$1:$IV$65536,13,FALSE) -> H10X8 | F24: =IF($D24="Bedrukte folie 470x300",1,0) -> 0 | G24: =VLOOKUP($A24,[1]maaltijden!$A$1:$IV$65536,27,FALSE) -> ! ! | H24: =VLOOKUP($A24,[1]maaltijden!$A$1:$IV$65536,21,FALSE) -> 3 | I24: =VLOOKUP($A24,[1]maaltijden!$A$1:$IV$65536,21,FALSE) -> 3 | J24: =VLOOKUP($A24,[1]maaltijden!$A$1:$IV$65536,18,FALSE) -> 2 | K24: =VLOOKUP($A24,[1]maaltijden!$A$1:$IV$65536,17,FALSE) -> 1 | L24: =VLOOKUP($A24,[1]maaltijden!$A$1:$IV$65536,20,FALSE) -> 1750 | M24: =VLOOKUP($A24,[1]maaltijden!$A$1:$IV$65536,22,FALSE) -> 1750 | N24: 0 | O24: 0 | P24: 1 | Q24: 2 | R24: 0 | S24: 1 | T24: 1 | U24: 1 | V24: 1 | W24: 1 | X24: 1 | Y24: 1 | Z24: 0 | AA24: 0 | AB24: 0 | AC24: 0 | AD24: 0 | AE24: 1 | AF24: 0 | AG24: 0 | AH24: 2 | AI24: 0 | AJ24: 0 | AK24: 0 | AL24: 0 | AM24: 0 | AN24: =IFERROR(INDEX([2]lijnopstellingsfiche!$AP$1:$AP$65536,MATCH(A24,[2]lijnopstellingsfiche!$AQ$1:$AQ$65536,0)),"") -> 1 | AO24: 0 | AP24: 1 | AQ24: 2 | AR24: 0 | AS24: 1 | AT24: 0 | AU24: 0 | AV24: 0 | AW24: 1 | AX24: 0 | AY24: 1 | AZ24: 1 | BA24: 0 | BB24: 1 | BC24: 0 | BD24: =VLOOKUP($A24,'[3]allergenen 6nr'!$A$1:$O$1310,3,FALSE) -> - | BE24: =VLOOKUP($A24,'[3]allergenen 6nr'!$A$1:$O$1310,4,FALSE) -> - | BF24: =VLOOKUP($A24,'[3]allergenen 6nr'!$A$1:$O$1310,5,FALSE) -> + | BG24: =VLOOKUP($A24,'[3]allergenen 6nr'!$A$1:$O$1310,6,FALSE) -> X | BH24: =VLOOKUP($A24,'[3]allergenen 6nr'!$A$1:$O$1310,7,FALSE) -> + | BI24: =VLOOKUP($A24,'[3]allergenen 6nr'!$A$1:$O$1310,8,FALSE) -> X | BJ24: =VLOOKUP($A24,'[3]allergenen 6nr'!$A$1:$O$1310,9,FALSE) -> - | BK24: =VLOOKUP($A24,'[3]allergenen 6nr'!$A$1:$O$1310,10,FALSE) -> - | BL24: =VLOOKUP($A24,'[3]allergenen 6nr'!$A$1:$O$1310,11,FALSE) -> - | BM24: =VLOOKUP($A24,'[3]allergenen 6nr'!$A$1:$O$1310,12,FALSE) -> - | BN24: =VLOOKUP($A24,'[3]allergenen 6nr'!$A$1:$O$1310,13,FALSE) -> X | BO24: =VLOOKUP($A24,'[3]allergenen 6nr'!$A$1:$O$1310,14,FALSE) -> - | BP24: =VLOOKUP($A24,'[3]allergenen 6nr'!$A$1:$O$1310,15,FALSE) -> -
A25: 61690500 | B25: =VLOOKUP($A25,[1]maaltijden!$A$1:$IV$65536,4,FALSE) -> BOF BE RUNDSTONG MADEIRASAUS MET PUREE 450G | C25: =VLOOKUP($A25,[1]maaltijden!$A$1:$IV$65536,7,FALSE) -> C2227-2X | D25: =VLOOKUP($A25,[1]maaltijden!$A$1:$IV$65536,10,FALSE) -> H10 | E25: =VLOOKUP($A25,[1]maaltijden!$A$1:$IV$65536,13,FALSE) -> H10X8 | F25: =IF($D25="Bedrukte folie 470x300",1,0) -> 0 | G25: =VLOOKUP($A25,[1]maaltijden!$A$1:$IV$65536,27,FALSE) -> ! ! ! | H25: =VLOOKUP($A25,[1]maaltijden!$A$1:$IV$65536,21,FALSE) -> 7 | I25: =VLOOKUP($A25,[1]maaltijden!$A$1:$IV$65536,21,FALSE) -> 7 | J25: =VLOOKUP($A25,[1]maaltijden!$A$1:$IV$65536,18,FALSE) -> 2 | K25: =VLOOKUP($A25,[1]maaltijden!$A$1:$IV$65536,17,FALSE) -> 2 | L25: =VLOOKUP($A25,[1]maaltijden!$A$1:$IV$65536,20,FALSE) -> 2200 | M25: =VLOOKUP($A25,[1]maaltijden!$A$1:$IV$65536,22,FALSE) -> 2200 | N25: 0 | O25: 0 | P25: 1 | Q25: 2 | R25: 0 | S25: 1 | T25: 1 | U25: 0 | V25: 1 | W25: 1 | X25: 1 | Y25: 1 | Z25: 0 | AA25: 1 | AB25: 0 | AC25: 0 | AD25: 0 | AE25: 1 | AF25: 0 | AG25: 0 | AH25: 2 | AI25: 0 | AJ25: 0 | AK25: 0 | AL25: 0 | AM25: 0 | AN25: =IFERROR(INDEX([2]lijnopstellingsfiche!$AP$1:$AP$65536,MATCH(A25,[2]lijnopstellingsfiche!$AQ$1:$AQ$65536,0)),"") -> 5 | AO25: 0 | AP25: 0 | AQ25: 2 | AR25: 1 | AS25: 0 | AT25: 0 | AU25: 0 | AV25: 0 | AW25: 1 | AX25: 0 | AY25: 1 | AZ25: 1 | BA25: 0 | BB25: 1 | BC25: 0 | BD25: =VLOOKUP($A25,'[3]allergenen 6nr'!$A$1:$O$1310,3,FALSE) -> - | BE25: =VLOOKUP($A25,'[3]allergenen 6nr'!$A$1:$O$1310,4,FALSE) -> + | BF25: =VLOOKUP($A25,'[3]allergenen 6nr'!$A$1:$O$1310,5,FALSE) -> + | BG25: =VLOOKUP($A25,'[3]allergenen 6nr'!$A$1:$O$1310,6,FALSE) -> X | BH25: =VLOOKUP($A25,'[3]allergenen 6nr'!$A$1:$O$1310,7,FALSE) -> + | BI25: =VLOOKUP($A25,'[3]allergenen 6nr'!$A$1:$O$1310,8,FALSE) -> X | BJ25: =VLOOKUP($A25,'[3]allergenen 6nr'!$A$1:$O$1310,9,FALSE) -> - | BK25: =VLOOKUP($A25,'[3]allergenen 6nr'!$A$1:$O$1310,10,FALSE) -> - | BL25: =VLOOKUP($A25,'[3]allergenen 6nr'!$A$1:$O$1310,11,FALSE) -> + | BM25: =VLOOKUP($A25,'[3]allergenen 6nr'!$A$1:$O$1310,12,FALSE) -> - | BN25: =VLOOKUP($A25,'[3]allergenen 6nr'!$A$1:$O$1310,13,FALSE) -> X | BO25: =VLOOKUP($A25,'[3]allergenen 6nr'!$A$1:$O$1310,14,FALSE) -> - | BP25: =VLOOKUP($A25,'[3]allergenen 6nr'!$A$1:$O$1310,15,FALSE) -> -
A26: 61691400 | B26: =VLOOKUP($A26,[1]maaltijden!$A$1:$IV$65536,4,FALSE) -> BOF BE HAMBURGER AJUINSAUS VIERGROENTENSTAMPPOT 500G | C26: =VLOOKUP($A26,[1]maaltijden!$A$1:$IV$65536,7,FALSE) -> C2227-2X | D26: =VLOOKUP($A26,[1]maaltijden!$A$1:$IV$65536,10,FALSE) -> H10 | E26: =VLOOKUP($A26,[1]maaltijden!$A$1:$IV$65536,13,FALSE) -> H10X8 | F26: =IF($D26="Bedrukte folie 470x300",1,0) -> 0 | G26: =VLOOKUP($A26,[1]maaltijden!$A$1:$IV$65536,27,FALSE) -> ! ! | H26: =VLOOKUP($A26,[1]maaltijden!$A$1:$IV$65536,21,FALSE) -> 3 | I26: =VLOOKUP($A26,[1]maaltijden!$A$1:$IV$65536,21,FALSE) -> 3 | J26: =VLOOKUP($A26,[1]maaltijden!$A$1:$IV$65536,18,FALSE) -> 2 | K26: =VLOOKUP($A26,[1]maaltijden!$A$1:$IV$65536,17,FALSE) -> 2.5 | L26: =VLOOKUP($A26,[1]maaltijden!$A$1:$IV$65536,20,FALSE) -> 2000 | M26: =VLOOKUP($A26,[1]maaltijden!$A$1:$IV$65536,22,FALSE) -> 2000 | N26: 0 | O26: 0 | P26: 1 | Q26: 2 | R26: 0 | S26: 1 | T26: 1 | U26: 0 | V26: 1 | W26: 1 | X26: 1 | Y26: 1 | Z26: 0 | AA26: 0 | AB26: 0 | AC26: 0 | AD26: 0 | AE26: 1 | AF26: 0 | AG26: 0 | AH26: 2 | AI26: 1 | AJ26: 0 | AK26: 0 | AL26: 0 | AM26: 0 | AN26: =IFERROR(INDEX([2]lijnopstellingsfiche!$AP$1:$AP$65536,MATCH(A26,[2]lijnopstellingsfiche!$AQ$1:$AQ$65536,0)),"") -> - | AO26: 0 | AP26: 0 | AQ26: 1 | AR26: 1 | AS26: 0 | AT26: 0 | AU26: 0 | AV26: 0 | AW26: 1 | AX26: 0 | AY26: 1 | AZ26: 1 | BA26: 0 | BB26: 1 | BC26: 0 | BD26: =VLOOKUP($A26,'[3]allergenen 6nr'!$A$1:$O$1310,3,FALSE) -> - | BE26: =VLOOKUP($A26,'[3]allergenen 6nr'!$A$1:$O$1310,4,FALSE) -> X | BF26: =VLOOKUP($A26,'[3]allergenen 6nr'!$A$1:$O$1310,5,FALSE) -> + | BG26: =VLOOKUP($A26,'[3]allergenen 6nr'!$A$1:$O$1310,6,FALSE) -> X | BH26: =VLOOKUP($A26,'[3]allergenen 6nr'!$A$1:$O$1310,7,FALSE) -> + | BI26: =VLOOKUP($A26,'[3]allergenen 6nr'!$A$1:$O$1310,8,FALSE) -> X | BJ26: =VLOOKUP($A26,'[3]allergenen 6nr'!$A$1:$O$1310,9,FALSE) -> - | BK26: =VLOOKUP($A26,'[3]allergenen 6nr'!$A$1:$O$1310,10,FALSE) -> - | BL26: =VLOOKUP($A26,'[3]allergenen 6nr'!$A$1:$O$1310,11,FALSE) -> X | BM26: =VLOOKUP($A26,'[3]allergenen 6nr'!$A$1:$O$1310,12,FALSE) -> - | BN26: =VLOOKUP($A26,'[3]allergenen 6nr'!$A$1:$O$1310,13,FALSE) -> X | BO26: =VLOOKUP($A26,'[3]allergenen 6nr'!$A$1:$O$1310,14,FALSE) -> - | BP26: =VLOOKUP($A26,'[3]allergenen 6nr'!$A$1:$O$1310,15,FALSE) -> -
A27: 61691500 | B27: =VLOOKUP($A27,[1]maaltijden!$A$1:$IV$65536,4,FALSE) -> BOF BE HAMWITLOOFROLLETJE IN KAASSAUS 800G | C27: =VLOOKUP($A27,[1]maaltijden!$A$1:$IV$65536,7,FALSE) -> C2227-1E | D27: =VLOOKUP($A27,[1]maaltijden!$A$1:$IV$65536,10,FALSE) -> H10 | E27: =VLOOKUP($A27,[1]maaltijden!$A$1:$IV$65536,13,FALSE) -> H10X8 | F27: =IF($D27="Bedrukte folie 470x300",1,0) -> 0 | G27: =VLOOKUP($A27,[1]maaltijden!$A$1:$IV$65536,27,FALSE) -> ! ! | H27: =VLOOKUP($A27,[1]maaltijden!$A$1:$IV$65536,21,FALSE) -> 12 | I27: =VLOOKUP($A27,[1]maaltijden!$A$1:$IV$65536,21,FALSE) -> 12 | J27: =VLOOKUP($A27,[1]maaltijden!$A$1:$IV$65536,18,FALSE) -> 2 | K27: =VLOOKUP($A27,[1]maaltijden!$A$1:$IV$65536,17,FALSE) -> 2 | L27: =VLOOKUP($A27,[1]maaltijden!$A$1:$IV$65536,20,FALSE) -> 950 | M27: =VLOOKUP($A27,[1]maaltijden!$A$1:$IV$65536,22,FALSE) -> 950 | N27: 0 | O27: 0 | P27: 1 | Q27: 2 | R27: 0 | S27: 1 | T27: 1 | U27: 0 | V27: 1 | W27: 1 | X27: 1 | Y27: 1 | Z27: 1 | AA27: 0 | AB27: 0 | AC27: 1 | AD27: 0 | AE27: 1 | AF27: 0 | AG27: 0 | AH27: 1 | AI27: 0 | AJ27: 0 | AK27: 0 | AL27: 0 | AM27: 0 | AN27: =IFERROR(INDEX([2]lijnopstellingsfiche!$AP$1:$AP$65536,MATCH(A27,[2]lijnopstellingsfiche!$AQ$1:$AQ$65536,0)),"") -> 10 | AO27: 0 | AP27: 1 | AQ27: 1 | AR27: 0 | AS27: 0 | AT27: 0 | AU27: 0 | AV27: 0 | AW27: 1 | AX27: 0 | AY27: 1 | AZ27: 1 | BA27: 0 | BB27: 1 | BC27: 0 | BD27: =VLOOKUP($A27,'[3]allergenen 6nr'!$A$1:$O$1310,3,FALSE) -> - | BE27: =VLOOKUP($A27,'[3]allergenen 6nr'!$A$1:$O$1310,4,FALSE) -> - | BF27: =VLOOKUP($A27,'[3]allergenen 6nr'!$A$1:$O$1310,5,FALSE) -> + | BG27: =VLOOKUP($A27,'[3]allergenen 6nr'!$A$1:$O$1310,6,FALSE) -> X | BH27: =VLOOKUP($A27,'[3]allergenen 6nr'!$A$1:$O$1310,7,FALSE) -> + | BI27: =VLOOKUP($A27,'[3]allergenen 6nr'!$A$1:$O$1310,8,FALSE) -> X | BJ27: =VLOOKUP($A27,'[3]allergenen 6nr'!$A$1:$O$1310,9,FALSE) -> - | BK27: =VLOOKUP($A27,'[3]allergenen 6nr'!$A$1:$O$1310,10,FALSE) -> - | BL27: =VLOOKUP($A27,'[3]allergenen 6nr'!$A$1:$O$1310,11,FALSE) -> - | BM27: =VLOOKUP($A27,'[3]allergenen 6nr'!$A$1:$O$1310,12,FALSE) -> - | BN27: =VLOOKUP($A27,'[3]allergenen 6nr'!$A$1:$O$1310,13,FALSE) -> X | BO27: =VLOOKUP($A27,'[3]allergenen 6nr'!$A$1:$O$1310,14,FALSE) -> - | BP27: =VLOOKUP($A27,'[3]allergenen 6nr'!$A$1:$O$1310,15,FALSE) -> -
A28: 61691800 | B28: =VLOOKUP($A28,[1]maaltijden!$A$1:$IV$65536,4,FALSE) -> BOF BE KALKOEN WITBIERSAUS WORT BROCCOLI GRATIN 480G | C28: =VLOOKUP($A28,[1]maaltijden!$A$1:$IV$65536,7,FALSE) -> C2227-3C | D28: =VLOOKUP($A28,[1]maaltijden!$A$1:$IV$65536,10,FALSE) -> H10 | E28: =VLOOKUP($A28,[1]maaltijden!$A$1:$IV$65536,13,FALSE) -> H10X8 | F28: =IF($D28="Bedrukte folie 470x300",1,0) -> 0 | G28: =VLOOKUP($A28,[1]maaltijden!$A$1:$IV$65536,27,FALSE) -> ! ! | H28: =VLOOKUP($A28,[1]maaltijden!$A$1:$IV$65536,21,FALSE) -> 10 | I28: =VLOOKUP($A28,[1]maaltijden!$A$1:$IV$65536,21,FALSE) -> 10 | J28: =VLOOKUP($A28,[1]maaltijden!$A$1:$IV$65536,18,FALSE) -> 2 | K28: =VLOOKUP($A28,[1]maaltijden!$A$1:$IV$65536,17,FALSE) -> 3 | L28: =VLOOKUP($A28,[1]maaltijden!$A$1:$IV$65536,20,FALSE) -> 1500 | M28: =VLOOKUP($A28,[1]maaltijden!$A$1:$IV$65536,22,FALSE) -> 1500 | N28: 0 | O28: 0 | P28: 1 | Q28: 2 | R28: 0 | S28: 1 | T28: 1 | U28: 0 | V28: 1 | W28: 1 | X28: 1 | Y28: 1 | Z28: 1 | AA28: 0 | AB28: 0 | AC28: 0 | AD28: 0 | AE28: 1 | AF28: 0 | AG28: 0 | AH28: 1 | AI28: 1 | AJ28: 1 | AK28: 0 | AL28: 0 | AM28: 0 | AN28: =IFERROR(INDEX([2]lijnopstellingsfiche!$AP$1:$AP$65536,MATCH(A28,[2]lijnopstellingsfiche!$AQ$1:$AQ$65536,0)),"") -> 3 | AO28: 0 | AP28: 0 | AQ28: 2 | AR28: 0 | AS28: 0 | AT28: 0 | AU28: 0 | AV28: 0 | AW28: 1 | AX28: 0 | AY28: 1 | AZ28: 1 | BA28: 0 | BB28: 1 | BC28: 0 | BD28: =VLOOKUP($A28,'[3]allergenen 6nr'!$A$1:$O$1310,3,FALSE) -> - | BE28: =VLOOKUP($A28,'[3]allergenen 6nr'!$A$1:$O$1310,4,FALSE) -> X | BF28: =VLOOKUP($A28,'[3]allergenen 6nr'!$A$1:$O$1310,5,FALSE) -> + | BG28: =VLOOKUP($A28,'[3]allergenen 6nr'!$A$1:$O$1310,6,FALSE) -> X | BH28: =VLOOKUP($A28,'[3]allergenen 6nr'!$A$1:$O$1310,7,FALSE) -> + | BI28: =VLOOKUP($A28,'[3]allergenen 6nr'!$A$1:$O$1310,8,FALSE) -> X | BJ28: =VLOOKUP($A28,'[3]allergenen 6nr'!$A$1:$O$1310,9,FALSE) -> - | BK28: =VLOOKUP($A28,'[3]allergenen 6nr'!$A$1:$O$1310,10,FALSE) -> - | BL28: =VLOOKUP($A28,'[3]allergenen 6nr'!$A$1:$O$1310,11,FALSE) -> - | BM28: =VLOOKUP($A28,'[3]allergenen 6nr'!$A$1:$O$1310,12,FALSE) -> - | BN28: =VLOOKUP($A28,'[3]allergenen 6nr'!$A$1:$O$1310,13,FALSE) -> X | BO28: =VLOOKUP($A28,'[3]allergenen 6nr'!$A$1:$O$1310,14,FALSE) -> - | BP28: =VLOOKUP($A28,'[3]allergenen 6nr'!$A$1:$O$1310,15,FALSE) -> -
A29: 61693700 | B29: =VLOOKUP($A29,[1]maaltijden!$A$1:$IV$65536,4,FALSE) -> BOF BE HAM WITLOOFROLLETJES PUREE 500G | C29: =VLOOKUP($A29,[1]maaltijden!$A$1:$IV$65536,7,FALSE) -> C2227-2X | D29: =VLOOKUP($A29,[1]maaltijden!$A$1:$IV$65536,10,FALSE) -> H10 | E29: =VLOOKUP($A29,[1]maaltijden!$A$1:$IV$65536,13,FALSE) -> H10X8 | F29: =IF($D29="Bedrukte folie 470x300",1,0) -> 0 | G29: =VLOOKUP($A29,[1]maaltijden!$A$1:$IV$65536,27,FALSE) -> ! ! | H29: =VLOOKUP($A29,[1]maaltijden!$A$1:$IV$65536,21,FALSE) -> 11 | I29: =VLOOKUP($A29,[1]maaltijden!$A$1:$IV$65536,21,FALSE) -> 11 | J29: =VLOOKUP($A29,[1]maaltijden!$A$1:$IV$65536,18,FALSE) -> 2 | K29: =VLOOKUP($A29,[1]maaltijden!$A$1:$IV$65536,17,FALSE) -> 2 | L29: =VLOOKUP($A29,[1]maaltijden!$A$1:$IV$65536,20,FALSE) -> 1500 | M29: =VLOOKUP($A29,[1]maaltijden!$A$1:$IV$65536,22,FALSE) -> 1500 | N29: 0 | O29: 0 | P29: 1 | Q29: 2 | R29: 0 | S29: 1 | T29: 1 | U29: 0 | V29: 1 | W29: 1 | X29: 1 | Y29: 1 | Z29: 1 | AA29: 0 | AB29: 0 | AC29: 1 | AD29: 0 | AE29: 1 | AF29: 0 | AG29: 0 | AH29: 2 | AI29: 0 | AJ29: 0 | AK29: 0 | AL29: 0 | AM29: 0 | AN29: =IFERROR(INDEX([2]lijnopstellingsfiche!$AP$1:$AP$65536,MATCH(A29,[2]lijnopstellingsfiche!$AQ$1:$AQ$65536,0)),"") -> 9 | AO29: 0 | AP29: 0 | AQ29: 1 | AR29: 1 | AS29: 0 | AT29: 0 | AU29: 0 | AV29: 0 | AW29: 1 | AX29: 0 | AY29: 1 | AZ29: 1 | BA29: 0 | BB29: 1 | BC29: 0 | BD29: =VLOOKUP($A29,'[3]allergenen 6nr'!$A$1:$O$1310,3,FALSE) -> - | BE29: =VLOOKUP($A29,'[3]allergenen 6nr'!$A$1:$O$1310,4,FALSE) -> + | BF29: =VLOOKUP($A29,'[3]allergenen 6nr'!$A$1:$O$1310,5,FALSE) -> + | BG29: =VLOOKUP($A29,'[3]allergenen 6nr'!$A$1:$O$1310,6,FALSE) -> X | BH29: =VLOOKUP($A29,'[3]allergenen 6nr'!$A$1:$O$1310,7,FALSE) -> + | BI29: =VLOOKUP($A29,'[3]allergenen 6nr'!$A$1:$O$1310,8,FALSE) -> X | BJ29: =VLOOKUP($A29,'[3]allergenen 6nr'!$A$1:$O$1310,9,FALSE) -> - | BK29: =VLOOKUP($A29,'[3]allergenen 6nr'!$A$1:$O$1310,10,FALSE) -> - | BL29: =VLOOKUP($A29,'[3]allergenen 6nr'!$A$1:$O$1310,11,FALSE) -> - | BM29: =VLOOKUP($A29,'[3]allergenen 6nr'!$A$1:$O$1310,12,FALSE) -> - | BN29: =VLOOKUP($A29,'[3]allergenen 6nr'!$A$1:$O$1310,13,FALSE) -> X | BO29: =VLOOKUP($A29,'[3]allergenen 6nr'!$A$1:$O$1310,14,FALSE) -> - | BP29: =VLOOKUP($A29,'[3]allergenen 6nr'!$A$1:$O$1310,15,FALSE) -> -
A30: 61693800 | B30: =VLOOKUP($A30,[1]maaltijden!$A$1:$IV$65536,4,FALSE) -> BOF BE ZALM ASC BEARNAISE BONEN SJALOTTENPUREE 450G | C30: =VLOOKUP($A30,[1]maaltijden!$A$1:$IV$65536,7,FALSE) -> C2227-3C | D30: =VLOOKUP($A30,[1]maaltijden!$A$1:$IV$65536,10,FALSE) -> H10 | E30: =VLOOKUP($A30,[1]maaltijden!$A$1:$IV$65536,13,FALSE) -> H10X8 | F30: =IF($D30="Bedrukte folie 470x300",1,0) -> 0 | G30: =VLOOKUP($A30,[1]maaltijden!$A$1:$IV$65536,27,FALSE) -> ! ! ! ! | H30: =VLOOKUP($A30,[1]maaltijden!$A$1:$IV$65536,21,FALSE) -> 5 | I30: =VLOOKUP($A30,[1]maaltijden!$A$1:$IV$65536,21,FALSE) -> 5 | J30: =VLOOKUP($A30,[1]maaltijden!$A$1:$IV$65536,18,FALSE) -> 2 | K30: =VLOOKUP($A30,[1]maaltijden!$A$1:$IV$65536,17,FALSE) -> 3 | L30: =VLOOKUP($A30,[1]maaltijden!$A$1:$IV$65536,20,FALSE) -> 2000 | M30: =VLOOKUP($A30,[1]maaltijden!$A$1:$IV$65536,22,FALSE) -> 2000 | N30: 0 | O30: 0 | P30: 1 | Q30: 2 | R30: 0 | S30: 1 | T30: 1 | U30: 1 | V30: 1 | W30: 1 | X30: 1 | Y30: 1 | Z30: 0 | AA30: 0 | AB30: 0 | AC30: 0 | AD30: 0 | AE30: 0 | AF30: 1 | AG30: 0 | AH30: 2 | AI30: 1 | AJ30: 0 | AK30: 0 | AL30: 0 | AM30: 0 | AN30: =IFERROR(INDEX([2]lijnopstellingsfiche!$AP$1:$AP$65536,MATCH(A30,[2]lijnopstellingsfiche!$AQ$1:$AQ$65536,0)),"") -> - | AO30: 0 | AP30: 0 | AQ30: 1 | AR30: 1 | AS30: 0 | AT30: 0 | AU30: 0 | AV30: 0 | AW30: 1 | AX30: 0 | AY30: 1 | AZ30: 1 | BA30: 0 | BB30: 1 | BC30: 0 | BD30: =VLOOKUP($A30,'[3]allergenen 6nr'!$A$1:$O$1310,3,FALSE) -> - | BE30: =VLOOKUP($A30,'[3]allergenen 6nr'!$A$1:$O$1310,4,FALSE) -> - | BF30: =VLOOKUP($A30,'[3]allergenen 6nr'!$A$1:$O$1310,5,FALSE) -> + | BG30: =VLOOKUP($A30,'[3]allergenen 6nr'!$A$1:$O$1310,6,FALSE) -> X | BH30: =VLOOKUP($A30,'[3]allergenen 6nr'!$A$1:$O$1310,7,FALSE) -> + | BI30: =VLOOKUP($A30,'[3]allergenen 6nr'!$A$1:$O$1310,8,FALSE) -> X | BJ30: =VLOOKUP($A30,'[3]allergenen 6nr'!$A$1:$O$1310,9,FALSE) -> - | BK30: =VLOOKUP($A30,'[3]allergenen 6nr'!$A$1:$O$1310,10,FALSE) -> X | BL30: =VLOOKUP($A30,'[3]allergenen 6nr'!$A$1:$O$1310,11,FALSE) -> - | BM30: =VLOOKUP($A30,'[3]allergenen 6nr'!$A$1:$O$1310,12,FALSE) -> - | BN30: =VLOOKUP($A30,'[3]allergenen 6nr'!$A$1:$O$1310,13,FALSE) -> X | BO30: =VLOOKUP($A30,'[3]allergenen 6nr'!$A$1:$O$1310,14,FALSE) -> + | BP30: =VLOOKUP($A30,'[3]allergenen 6nr'!$A$1:$O$1310,15,FALSE) -> X
A31: 61694000 | B31: =VLOOKUP($A31,[1]maaltijden!$A$1:$IV$65536,4,FALSE) -> BOF BE RUNDSTOOFPOTJE WORTELSTAMPPOT 500G | C31: =VLOOKUP($A31,[1]maaltijden!$A$1:$IV$65536,7,FALSE) -> C2227-2X | D31: =VLOOKUP($A31,[1]maaltijden!$A$1:$IV$65536,10,FALSE) -> H10 | E31: =VLOOKUP($A31,[1]maaltijden!$A$1:$IV$65536,13,FALSE) -> H10X8 | F31: =IF($D31="Bedrukte folie 470x300",1,0) -> 0 | G31: =VLOOKUP($A31,[1]maaltijden!$A$1:$IV$65536,27,FALSE) -> ! ! | H31: =VLOOKUP($A31,[1]maaltijden!$A$1:$IV$65536,21,FALSE) -> 3 | I31: =VLOOKUP($A31,[1]maaltijden!$A$1:$IV$65536,21,FALSE) -> 3 | J31: =VLOOKUP($A31,[1]maaltijden!$A$1:$IV$65536,18,FALSE) -> 2 | K31: =VLOOKUP($A31,[1]maaltijden!$A$1:$IV$65536,17,FALSE) -> 3 | L31: =VLOOKUP($A31,[1]maaltijden!$A$1:$IV$65536,20,FALSE) -> 2200 | M31: =VLOOKUP($A31,[1]maaltijden!$A$1:$IV$65536,22,FALSE) -> 2200 | N31: 0 | O31: 0 | P31: 1 | Q31: 2 | R31: 0 | S31: 1 | T31: 1 | U31: 1 | V31: 1 | W31: 1 | X31: 1 | Y31: 1 | Z31: 0 | AA31: 0 | AB31: 0 | AC31: 0 | AD31: 0 | AE31: 1 | AF31: 0 | AG31: 0 | AH31: 2 | AI31: 1 | AJ31: 0 | AK31: 0 | AL31: 0 | AM31: 0 | AN31: =IFERROR(INDEX([2]lijnopstellingsfiche!$AP$1:$AP$65536,MATCH(A31,[2]lijnopstellingsfiche!$AQ$1:$AQ$65536,0)),"") -> - | AO31: 0 | AP31: 0 | AQ31: 1 | AR31: 1 | AS31: 1 | AT31: 0 | AU31: 0 | AV31: 0 | AW31: 1 | AX31: 0 | AY31: 1 | AZ31: 1 | BA31: 0 | BB31: 1 | BC31: 0 | BD31: =VLOOKUP($A31,'[3]allergenen 6nr'!$A$1:$O$1310,3,FALSE) -> - | BE31: =VLOOKUP($A31,'[3]allergenen 6nr'!$A$1:$O$1310,4,FALSE) -> X | BF31: =VLOOKUP($A31,'[3]allergenen 6nr'!$A$1:$O$1310,5,FALSE) -> X | BG31: =VLOOKUP($A31,'[3]allergenen 6nr'!$A$1:$O$1310,6,FALSE) -> - | BH31: =VLOOKUP($A31,'[3]allergenen 6nr'!$A$1:$O$1310,7,FALSE) -> + | BI31: =VLOOKUP($A31,'[3]allergenen 6nr'!$A$1:$O$1310,8,FALSE) -> X | BJ31: =VLOOKUP($A31,'[3]allergenen 6nr'!$A$1:$O$1310,9,FALSE) -> - | BK31: =VLOOKUP($A31,'[3]allergenen 6nr'!$A$1:$O$1310,10,FALSE) -> - | BL31: =VLOOKUP($A31,'[3]allergenen 6nr'!$A$1:$O$1310,11,FALSE) -> - | BM31: =VLOOKUP($A31,'[3]allergenen 6nr'!$A$1:$O$1310,12,FALSE) -> - | BN31: =VLOOKUP($A31,'[3]allergenen 6nr'!$A$1:$O$1310,13,FALSE) -> X | BO31: =VLOOKUP($A31,'[3]allergenen 6nr'!$A$1:$O$1310,14,FALSE) -> - | BP31: =VLOOKUP($A31,'[3]allergenen 6nr'!$A$1:$O$1310,15,FALSE) -> -
A32: 61694200 | B32: =VLOOKUP($A32,[1]maaltijden!$A$1:$IV$65536,4,FALSE) -> BOF BE KROKANTE VIS MSC ROOMSPINAZIE PUREE 450G | C32: =VLOOKUP($A32,[1]maaltijden!$A$1:$IV$65536,7,FALSE) -> C2227-3C | D32: =VLOOKUP($A32,[1]maaltijden!$A$1:$IV$65536,10,FALSE) -> H10 | E32: =VLOOKUP($A32,[1]maaltijden!$A$1:$IV$65536,13,FALSE) -> H10X8 | F32: =IF($D32="Bedrukte folie 470x300",1,0) -> 0 | G32: =VLOOKUP($A32,[1]maaltijden!$A$1:$IV$65536,27,FALSE) -> ! ! ! ! | H32: =VLOOKUP($A32,[1]maaltijden!$A$1:$IV$65536,21,FALSE) -> 2 | I32: =VLOOKUP($A32,[1]maaltijden!$A$1:$IV$65536,21,FALSE) -> 2 | J32: =VLOOKUP($A32,[1]maaltijden!$A$1:$IV$65536,18,FALSE) -> 2 | K32: =VLOOKUP($A32,[1]maaltijden!$A$1:$IV$65536,17,FALSE) -> 2 | L32: =VLOOKUP($A32,[1]maaltijden!$A$1:$IV$65536,20,FALSE) -> 2200 | M32: =VLOOKUP($A32,[1]maaltijden!$A$1:$IV$65536,22,FALSE) -> 2200 | N32: 0 | O32: 0 | P32: 1 | Q32: 2 | R32: 0 | S32: 1 | T32: 1 | U32: 1 | V32: 1 | W32: 1 | X32: 1 | Y32: 1 | Z32: 0 | AA32: 0 | AB32: 0 | AC32: 0 | AD32: 0 | AE32: 1 | AF32: 0 | AG32: 0 | AH32: 2 | AI32: 1 | AJ32: 0 | AK32: 0 | AL32: 0 | AM32: 0 | AN32: =IFERROR(INDEX([2]lijnopstellingsfiche!$AP$1:$AP$65536,MATCH(A32,[2]lijnopstellingsfiche!$AQ$1:$AQ$65536,0)),"") -> - | AO32: 0 | AP32: 0 | AQ32: 1 | AR32: 1 | AS32: 0 | AT32: 0 | AU32: 0 | AV32: 0 | AW32: 1 | AX32: 0 | AY32: 1 | AZ32: 1 | BA32: 0 | BB32: 1 | BC32: 0 | BD32: =VLOOKUP($A32,'[3]allergenen 6nr'!$A$1:$O$1310,3,FALSE) -> - | BE32: =VLOOKUP($A32,'[3]allergenen 6nr'!$A$1:$O$1310,4,FALSE) -> + | BF32: =VLOOKUP($A32,'[3]allergenen 6nr'!$A$1:$O$1310,5,FALSE) -> + | BG32: =VLOOKUP($A32,'[3]allergenen 6nr'!$A$1:$O$1310,6,FALSE) -> - | BH32: =VLOOKUP($A32,'[3]allergenen 6nr'!$A$1:$O$1310,7,FALSE) -> + | BI32: =VLOOKUP($A32,'[3]allergenen 6nr'!$A$1:$O$1310,8,FALSE) -> - | BJ32: =VLOOKUP($A32,'[3]allergenen 6nr'!$A$1:$O$1310,9,FALSE) -> - | BK32: =VLOOKUP($A32,'[3]allergenen 6nr'!$A$1:$O$1310,10,FALSE) -> - | BL32: =VLOOKUP($A32,'[3]allergenen 6nr'!$A$1:$O$1310,11,FALSE) -> - | BM32: =VLOOKUP($A32,'[3]allergenen 6nr'!$A$1:$O$1310,12,FALSE) -> - | BN32: =VLOOKUP($A32,'[3]allergenen 6nr'!$A$1:$O$1310,13,FALSE) -> - | BO32: =VLOOKUP($A32,'[3]allergenen 6nr'!$A$1:$O$1310,14,FALSE) -> + | BP32: =VLOOKUP($A32,'[3]allergenen 6nr'!$A$1:$O$1310,15,FALSE) -> -
A33: 61694300 | B33: =VLOOKUP($A33,[1]maaltijden!$A$1:$IV$65536,4,FALSE) -> BOF BE KIPHAASJE ARCHIDUC WORTEL ERWT AARDAP 460G | C33: =VLOOKUP($A33,[1]maaltijden!$A$1:$IV$65536,7,FALSE) -> C2227-3C | D33: =VLOOKUP($A33,[1]maaltijden!$A$1:$IV$65536,10,FALSE) -> H10 | E33: =VLOOKUP($A33,[1]maaltijden!$A$1:$IV$65536,13,FALSE) -> H10X8 | F33: =IF($D33="Bedrukte folie 470x300",1,0) -> 0 | G33: =VLOOKUP($A33,[1]maaltijden!$A$1:$IV$65536,27,FALSE) -> ! ! | H33: =VLOOKUP($A33,[1]maaltijden!$A$1:$IV$65536,21,FALSE) -> 6 | I33: =VLOOKUP($A33,[1]maaltijden!$A$1:$IV$65536,21,FALSE) -> 6 | J33: =VLOOKUP($A33,[1]maaltijden!$A$1:$IV$65536,18,FALSE) -> 2 | K33: =VLOOKUP($A33,[1]maaltijden!$A$1:$IV$65536,17,FALSE) -> 2 | L33: =VLOOKUP($A33,[1]maaltijden!$A$1:$IV$65536,20,FALSE) -> 2200 | M33: =VLOOKUP($A33,[1]maaltijden!$A$1:$IV$65536,22,FALSE) -> 2200 | N33: 0 | O33: 0 | P33: 1 | Q33: 2 | R33: 0 | S33: 1 | T33: 1 | U33: 1 | V33: 1 | W33: 1 | X33: 1 | Y33: 1 | Z33: 0 | AA33: 0 | AB33: 0 | AC33: 0 | AD33: 0 | AE33: 0 | AF33: 0 | AG33: 0 | AH33: 2 | AI33: 1 | AJ33: 0 | AK33: 0 | AL33: 0 | AM33: 0 | AN33: =IFERROR(INDEX([2]lijnopstellingsfiche!$AP$1:$AP$65536,MATCH(A33,[2]lijnopstellingsfiche!$AQ$1:$AQ$65536,0)),"") -> - | AO33: 0 | AP33: 0 | AQ33: 1 | AR33: 0 | AS33: 1 | AT33: 0 | AU33: 0 | AV33: 0 | AW33: 1 | AX33: 0 | AY33: 1 | AZ33: 1 | BA33: 0 | BB33: 1 | BC33: 0 | BD33: =VLOOKUP($A33,'[3]allergenen 6nr'!$A$1:$O$1310,3,FALSE) -> - | BE33: =VLOOKUP($A33,'[3]allergenen 6nr'!$A$1:$O$1310,4,FALSE) -> X | BF33: =VLOOKUP($A33,'[3]allergenen 6nr'!$A$1:$O$1310,5,FALSE) -> + | BG33: =VLOOKUP($A33,'[3]allergenen 6nr'!$A$1:$O$1310,6,FALSE) -> X | BH33: =VLOOKUP($A33,'[3]allergenen 6nr'!$A$1:$O$1310,7,FALSE) -> + | BI33: =VLOOKUP($A33,'[3]allergenen 6nr'!$A$1:$O$1310,8,FALSE) -> X | BJ33: =VLOOKUP($A33,'[3]allergenen 6nr'!$A$1:$O$1310,9,FALSE) -> - | BK33: =VLOOKUP($A33,'[3]allergenen 6nr'!$A$1:$O$1310,10,FALSE) -> - | BL33: =VLOOKUP($A33,'[3]allergenen 6nr'!$A$1:$O$1310,11,FALSE) -> - | BM33: =VLOOKUP($A33,'[3]allergenen 6nr'!$A$1:$O$1310,12,FALSE) -> - | BN33: =VLOOKUP($A33,'[3]allergenen 6nr'!$A$1:$O$1310,13,FALSE) -> X | BO33: =VLOOKUP($A33,'[3]allergenen 6nr'!$A$1:$O$1310,14,FALSE) -> - | BP33: =VLOOKUP($A33,'[3]allergenen 6nr'!$A$1:$O$1310,15,FALSE) -> -
A34: 61694400 | B34: =VLOOKUP($A34,[1]maaltijden!$A$1:$IV$65536,4,FALSE) -> BOF BE BOERENWORST MOSTERDSAUS WORT COUR AARD 420G | C34: =VLOOKUP($A34,[1]maaltijden!$A$1:$IV$65536,7,FALSE) -> C2227-3C | D34: =VLOOKUP($A34,[1]maaltijden!$A$1:$IV$65536,10,FALSE) -> H10 | E34: =VLOOKUP($A34,[1]maaltijden!$A$1:$IV$65536,13,FALSE) -> H10X8 | F34: =IF($D34="Bedrukte folie 470x300",1,0) -> 0 | G34: =VLOOKUP($A34,[1]maaltijden!$A$1:$IV$65536,27,FALSE) -> 0 | H34: =VLOOKUP($A34,[1]maaltijden!$A$1:$IV$65536,21,FALSE) -> 0 | I34: =VLOOKUP($A34,[1]maaltijden!$A$1:$IV$65536,21,FALSE) -> 0 | J34: =VLOOKUP($A34,[1]maaltijden!$A$1:$IV$65536,18,FALSE) -> 0 | K34: =VLOOKUP($A34,[1]maaltijden!$A$1:$IV$65536,17,FALSE) -> 0 | L34: =VLOOKUP($A34,[1]maaltijden!$A$1:$IV$65536,20,FALSE) -> 0 | M34: =VLOOKUP($A34,[1]maaltijden!$A$1:$IV$65536,22,FALSE) -> 0 | N34: 0 | O34: 0 | P34: 1 | Q34: 2 | R34: 0 | S34: 1 | T34: 1 | AG34: 0 | AH34: 1 | AI34: 0 | AJ34: 1 | AK34: 0 | AL34: 0 | AM34: 0 | AN34: =IFERROR(INDEX([2]lijnopstellingsfiche!$AP$1:$AP$65536,MATCH(A34,[2]lijnopstellingsfiche!$AQ$1:$AQ$65536,0)),"") -> 1 | AV34: 0 | AZ34: 1 | BB34: 1 | BD34: =VLOOKUP($A34,'[3]allergenen 6nr'!$A$1:$O$1310,3,FALSE) -> #N/A | BE34: =VLOOKUP($A34,'[3]allergenen 6nr'!$A$1:$O$1310,4,FALSE) -> #N/A | BF34: =VLOOKUP($A34,'[3]allergenen 6nr'!$A$1:$O$1310,5,FALSE) -> #N/A | BG34: =VLOOKUP($A34,'[3]allergenen 6nr'!$A$1:$O$1310,6,FALSE) -> #N/A | BH34: =VLOOKUP($A34,'[3]allergenen 6nr'!$A$1:$O$1310,7,FALSE) -> #N/A | BI34: =VLOOKUP($A34,'[3]allergenen 6nr'!$A$1:$O$1310,8,FALSE) -> #N/A | BJ34: =VLOOKUP($A34,'[3]allergenen 6nr'!$A$1:$O$1310,9,FALSE) -> #N/A | BK34: =VLOOKUP($A34,'[3]allergenen 6nr'!$A$1:$O$1310,10,FALSE) -> #N/A | BL34: =VLOOKUP($A34,'[3]allergenen 6nr'!$A$1:$O$1310,11,FALSE) -> #N/A | BM34: =VLOOKUP($A34,'[3]allergenen 6nr'!$A$1:$O$1310,12,FALSE) -> #N/A | BN34: =VLOOKUP($A34,'[3]allergenen 6nr'!$A$1:$O$1310,13,FALSE) -> #N/A | BO34: =VLOOKUP($A34,'[3]allergenen 6nr'!$A$1:$O$1310,14,FALSE) -> #N/A | BP34: =VLOOKUP($A34,'[3]allergenen 6nr'!$A$1:$O$1310,15,FALSE) -> #N/A
A35: 61694500 | B35: =VLOOKUP($A35,[1]maaltijden!$A$1:$IV$65536,4,FALSE) -> BOF BE KALKOENHAASJE FINE CHAMPAGNE 450G | C35: =VLOOKUP($A35,[1]maaltijden!$A$1:$IV$65536,7,FALSE) -> C2227-1E | D35: =VLOOKUP($A35,[1]maaltijden!$A$1:$IV$65536,10,FALSE) -> H10 | E35: =VLOOKUP($A35,[1]maaltijden!$A$1:$IV$65536,13,FALSE) -> H10X8 | F35: =IF($D35="Bedrukte folie 470x300",1,0) -> 0 | G35: =VLOOKUP($A35,[1]maaltijden!$A$1:$IV$65536,27,FALSE) -> ! ! | H35: =VLOOKUP($A35,[1]maaltijden!$A$1:$IV$65536,21,FALSE) -> 10 | I35: =VLOOKUP($A35,[1]maaltijden!$A$1:$IV$65536,21,FALSE) -> 10 | J35: =VLOOKUP($A35,[1]maaltijden!$A$1:$IV$65536,18,FALSE) -> 2 | K35: =VLOOKUP($A35,[1]maaltijden!$A$1:$IV$65536,17,FALSE) -> 1 | L35: =VLOOKUP($A35,[1]maaltijden!$A$1:$IV$65536,20,FALSE) -> 2200 | M35: =VLOOKUP($A35,[1]maaltijden!$A$1:$IV$65536,22,FALSE) -> 2200 | N35: 0 | O35: 0 | P35: 1 | Q35: 2 | R35: 0 | S35: 1 | T35: 1 | U35: 0 | V35: 1 | W35: 1 | X35: 1 | Y35: 1 | Z35: 1 | AA35: 1 | AB35: 0 | AC35: 0 | AD35: 0 | AE35: 0 | AF35: 0 | AG35: 0 | AH35: 1 | AI35: 1 | AJ35: 0 | AK35: 0 | AL35: 0 | AM35: 0 | AN35: =IFERROR(INDEX([2]lijnopstellingsfiche!$AP$1:$AP$65536,MATCH(A35,[2]lijnopstellingsfiche!$AQ$1:$AQ$65536,0)),"") -> 8 | AO35: 0 | AP35: 0 | AQ35: 2 | AR35: 0 | AS35: 0 | AT35: 0 | AU35: 0 | AV35: 0 | AW35: 1 | AX35: 0 | AY35: 1 | AZ35: 1 | BA35: 0 | BB35: 1 | BC35: 0 | BD35: =VLOOKUP($A35,'[3]allergenen 6nr'!$A$1:$O$1310,3,FALSE) -> - | BE35: =VLOOKUP($A35,'[3]allergenen 6nr'!$A$1:$O$1310,4,FALSE) -> X | BF35: =VLOOKUP($A35,'[3]allergenen 6nr'!$A$1:$O$1310,5,FALSE) -> + | BG35: =VLOOKUP($A35,'[3]allergenen 6nr'!$A$1:$O$1310,6,FALSE) -> X | BH35: =VLOOKUP($A35,'[3]allergenen 6nr'!$A$1:$O$1310,7,FALSE) -> + | BI35: =VLOOKUP($A35,'[3]allergenen 6nr'!$A$1:$O$1310,8,FALSE) -> X | BJ35: =VLOOKUP($A35,'[3]allergenen 6nr'!$A$1:$O$1310,9,FALSE) -> - | BK35: =VLOOKUP($A35,'[3]allergenen 6nr'!$A$1:$O$1310,10,FALSE) -> - | BL35: =VLOOKUP($A35,'[3]allergenen 6nr'!$A$1:$O$1310,11,FALSE) -> - | BM35: =VLOOKUP($A35,'[3]allergenen 6nr'!$A$1:$O$1310,12,FALSE) -> - | BN35: =VLOOKUP($A35,'[3]allergenen 6nr'!$A$1:$O$1310,13,FALSE) -> X | BO35: =VLOOKUP($A35,'[3]allergenen 6nr'!$A$1:$O$1310,14,FALSE) -> - | BP35: =VLOOKUP($A35,'[3]allergenen 6nr'!$A$1:$O$1310,15,FALSE) -> -
A36: 61694600 | B36: =VLOOKUP($A36,[1]maaltijden!$A$1:$IV$65536,4,FALSE) -> BOF BE VA GEBRAAD BOONTJES PUREE 450G | C36: =VLOOKUP($A36,[1]maaltijden!$A$1:$IV$65536,7,FALSE) -> C2227-2X | D36: =VLOOKUP($A36,[1]maaltijden!$A$1:$IV$65536,10,FALSE) -> H10 | E36: =VLOOKUP($A36,[1]maaltijden!$A$1:$IV$65536,13,FALSE) -> H10X8 | F36: =IF($D36="Bedrukte folie 470x300",1,0) -> 0 | G36: =VLOOKUP($A36,[1]maaltijden!$A$1:$IV$65536,27,FALSE) -> ! ! ! | H36: =VLOOKUP($A36,[1]maaltijden!$A$1:$IV$65536,21,FALSE) -> 9 | I36: =VLOOKUP($A36,[1]maaltijden!$A$1:$IV$65536,21,FALSE) -> 9 | J36: =VLOOKUP($A36,[1]maaltijden!$A$1:$IV$65536,18,FALSE) -> 2 | K36: =VLOOKUP($A36,[1]maaltijden!$A$1:$IV$65536,17,FALSE) -> 3 | L36: =VLOOKUP($A36,[1]maaltijden!$A$1:$IV$65536,20,FALSE) -> 2000 | M36: =VLOOKUP($A36,[1]maaltijden!$A$1:$IV$65536,22,FALSE) -> 2000 | N36: 0 | O36: 0 | P36: 1 | Q36: 2 | R36: 0 | S36: 1 | T36: 1 | U36: 0 | V36: 0 | W36: 0 | X36: 1 | Y36: 1 | Z36: 1 | AA36: 0 | AB36: 0 | AC36: 0 | AD36: 0 | AE36: 1 | AF36: 0 | AG36: 0 | AH36: 2 | AI36: 1 | AJ36: 0 | AK36: 0 | AL36: 0 | AM36: 0 | AN36: =IFERROR(INDEX([2]lijnopstellingsfiche!$AP$1:$AP$65536,MATCH(A36,[2]lijnopstellingsfiche!$AQ$1:$AQ$65536,0)),"") -> 5 | AO36: 0 | AP36: 0 | AQ36: 1 | AR36: 1 | AS36: 0 | AT36: 0 | AU36: 0 | AV36: 0 | AW36: 1 | AX36: 0 | AY36: 1 | AZ36: 1 | BA36: 0 | BB36: 1 | BC36: 0 | BD36: =VLOOKUP($A36,'[3]allergenen 6nr'!$A$1:$O$1310,3,FALSE) -> - | BE36: =VLOOKUP($A36,'[3]allergenen 6nr'!$A$1:$O$1310,4,FALSE) -> - | BF36: =VLOOKUP($A36,'[3]allergenen 6nr'!$A$1:$O$1310,5,FALSE) -> + | BG36: =VLOOKUP($A36,'[3]allergenen 6nr'!$A$1:$O$1310,6,FALSE) -> X | BH36: =VLOOKUP($A36,'[3]allergenen 6nr'!$A$1:$O$1310,7,FALSE) -> + | BI36: =VLOOKUP($A36,'[3]allergenen 6nr'!$A$1:$O$1310,8,FALSE) -> + | BJ36: =VLOOKUP($A36,'[3]allergenen 6nr'!$A$1:$O$1310,9,FALSE) -> - | BK36: =VLOOKUP($A36,'[3]allergenen 6nr'!$A$1:$O$1310,10,FALSE) -> - | BL36: =VLOOKUP($A36,'[3]allergenen 6nr'!$A$1:$O$1310,11,FALSE) -> - | BM36: =VLOOKUP($A36,'[3]allergenen 6nr'!$A$1:$O$1310,12,FALSE) -> - | BN36: =VLOOKUP($A36,'[3]allergenen 6nr'!$A$1:$O$1310,13,FALSE) -> X | BO36: =VLOOKUP($A36,'[3]allergenen 6nr'!$A$1:$O$1310,14,FALSE) -> - | BP36: =VLOOKUP($A36,'[3]allergenen 6nr'!$A$1:$O$1310,15,FALSE) -> -
A37: 61694700 | B37: =VLOOKUP($A37,[1]maaltijden!$A$1:$IV$65536,4,FALSE) -> BOF BE KIP KERRIESAUS RIJST 450G | C37: =VLOOKUP($A37,[1]maaltijden!$A$1:$IV$65536,7,FALSE) -> C2227-2X | D37: =VLOOKUP($A37,[1]maaltijden!$A$1:$IV$65536,10,FALSE) -> H10 | E37: =VLOOKUP($A37,[1]maaltijden!$A$1:$IV$65536,13,FALSE) -> H10X8 | F37: =IF($D37="Bedrukte folie 470x300",1,0) -> 0 | G37: =VLOOKUP($A37,[1]maaltijden!$A$1:$IV$65536,27,FALSE) -> ! ! ! | H37: =VLOOKUP($A37,[1]maaltijden!$A$1:$IV$65536,21,FALSE) -> 5 | I37: =VLOOKUP($A37,[1]maaltijden!$A$1:$IV$65536,21,FALSE) -> 5 | J37: =VLOOKUP($A37,[1]maaltijden!$A$1:$IV$65536,18,FALSE) -> 2 | K37: =VLOOKUP($A37,[1]maaltijden!$A$1:$IV$65536,17,FALSE) -> 2 | L37: =VLOOKUP($A37,[1]maaltijden!$A$1:$IV$65536,20,FALSE) -> 2200 | M37: =VLOOKUP($A37,[1]maaltijden!$A$1:$IV$65536,22,FALSE) -> 2200 | N37: Rijst : 21603600 | O37: 0 | P37: 1 | Q37: 2 | R37: 0 | S37: 1 | T37: 1 | U37: 1 | V37: 1 | W37: 1 | X37: 1 | Y37: 1 | Z37: 0 | AA37: 0 | AB37: 0 | AC37: 0 | AD37: 0 | AE37: 0 | AF37: 0 | AG37: 1 | AH37: 1 | AI37: 0 | AJ37: 0 | AK37: 0 | AL37: 0 | AM37: 0 | AN37: =IFERROR(INDEX([2]lijnopstellingsfiche!$AP$1:$AP$65536,MATCH(A37,[2]lijnopstellingsfiche!$AQ$1:$AQ$65536,0)),"") -> 1 | AO37: 0 | AP37: 0 | AQ37: 1 | AR37: 0 | AS37: 1 | AT37: 0 | AU37: 0 | AV37: 0 | AW37: 1 | AX37: 0 | AY37: 1 | AZ37: 1 | BA37: 0 | BB37: 1 | BC37: 1 | BD37: =VLOOKUP($A37,'[3]allergenen 6nr'!$A$1:$O$1310,3,FALSE) -> - | BE37: =VLOOKUP($A37,'[3]allergenen 6nr'!$A$1:$O$1310,4,FALSE) -> X | BF37: =VLOOKUP($A37,'[3]allergenen 6nr'!$A$1:$O$1310,5,FALSE) -> + | BG37: =VLOOKUP($A37,'[3]allergenen 6nr'!$A$1:$O$1310,6,FALSE) -> X | BH37: =VLOOKUP($A37,'[3]allergenen 6nr'!$A$1:$O$1310,7,FALSE) -> + | BI37: =VLOOKUP($A37,'[3]allergenen 6nr'!$A$1:$O$1310,8,FALSE) -> X | BJ37: =VLOOKUP($A37,'[3]allergenen 6nr'!$A$1:$O$1310,9,FALSE) -> - | BK37: =VLOOKUP($A37,'[3]allergenen 6nr'!$A$1:$O$1310,10,FALSE) -> - | BL37: =VLOOKUP($A37,'[3]allergenen 6nr'!$A$1:$O$1310,11,FALSE) -> + | BM37: =VLOOKUP($A37,'[3]allergenen 6nr'!$A$1:$O$1310,12,FALSE) -> - | BN37: =VLOOKUP($A37,'[3]allergenen 6nr'!$A$1:$O$1310,13,FALSE) -> X | BO37: =VLOOKUP($A37,'[3]allergenen 6nr'!$A$1:$O$1310,14,FALSE) -> - | BP37: =VLOOKUP($A37,'[3]allergenen 6nr'!$A$1:$O$1310,15,FALSE) -> -
A38: 61694800 | B38: =VLOOKUP($A38,[1]maaltijden!$A$1:$IV$65536,4,FALSE) -> BOF BE BALLETJES TOMATENSAUS PUREE 450G | C38: =VLOOKUP($A38,[1]maaltijden!$A$1:$IV$65536,7,FALSE) -> C2227-2X | D38: =VLOOKUP($A38,[1]maaltijden!$A$1:$IV$65536,10,FALSE) -> H10 | E38: =VLOOKUP($A38,[1]maaltijden!$A$1:$IV$65536,13,FALSE) -> H10X8 | F38: =IF($D38="Bedrukte folie 470x300",1,0) -> 0 | G38: =VLOOKUP($A38,[1]maaltijden!$A$1:$IV$65536,27,FALSE) -> ! ! | H38: =VLOOKUP($A38,[1]maaltijden!$A$1:$IV$65536,21,FALSE) -> 3 | I38: =VLOOKUP($A38,[1]maaltijden!$A$1:$IV$65536,21,FALSE) -> 3 | J38: =VLOOKUP($A38,[1]maaltijden!$A$1:$IV$65536,18,FALSE) -> 4 | K38: =VLOOKUP($A38,[1]maaltijden!$A$1:$IV$65536,17,FALSE) -> 2 | L38: =VLOOKUP($A38,[1]maaltijden!$A$1:$IV$65536,20,FALSE) -> 2200 | M38: =VLOOKUP($A38,[1]maaltijden!$A$1:$IV$65536,22,FALSE) -> 2200 | N38: Puree : 21406200 | O38: 0 | P38: 1 | Q38: 2 | R38: 0 | S38: 1 | T38: 1 | U38: 1 | V38: 1 | W38: 1 | X38: 1 | Y38: 1 | Z38: 0 | AA38: 0 | AB38: 0 | AC38: 0 | AD38: 0 | AE38: 0 | AF38: 0 | AG38: 0 | AH38: 1 | AI38: 1 | AJ38: 0 | AK38: 0 | AL38: 0 | AM38: 0 | AN38: =IFERROR(INDEX([2]lijnopstellingsfiche!$AP$1:$AP$65536,MATCH(A38,[2]lijnopstellingsfiche!$AQ$1:$AQ$65536,0)),"") -> 1 | AO38: 0 | AP38: 0 | AQ38: 1 | AR38: 1 | AS38: 1 | AT38: 0 | AU38: 0 | AV38: 0 | AW38: 1 | AX38: 0 | AY38: 1 | AZ38: 1 | BA38: 0 | BB38: 1 | BC38: 1 | BD38: =VLOOKUP($A38,'[3]allergenen 6nr'!$A$1:$O$1310,3,FALSE) -> - | BE38: =VLOOKUP($A38,'[3]allergenen 6nr'!$A$1:$O$1310,4,FALSE) -> + | BF38: =VLOOKUP($A38,'[3]allergenen 6nr'!$A$1:$O$1310,5,FALSE) -> + | BG38: =VLOOKUP($A38,'[3]allergenen 6nr'!$A$1:$O$1310,6,FALSE) -> X | BH38: =VLOOKUP($A38,'[3]allergenen 6nr'!$A$1:$O$1310,7,FALSE) -> + | BI38: =VLOOKUP($A38,'[3]allergenen 6nr'!$A$1:$O$1310,8,FALSE) -> X | BJ38: =VLOOKUP($A38,'[3]allergenen 6nr'!$A$1:$O$1310,9,FALSE) -> X | BK38: =VLOOKUP($A38,'[3]allergenen 6nr'!$A$1:$O$1310,10,FALSE) -> X | BL38: =VLOOKUP($A38,'[3]allergenen 6nr'!$A$1:$O$1310,11,FALSE) -> X | BM38: =VLOOKUP($A38,'[3]allergenen 6nr'!$A$1:$O$1310,12,FALSE) -> - | BN38: =VLOOKUP($A38,'[3]allergenen 6nr'!$A$1:$O$1310,13,FALSE) -> X | BO38: =VLOOKUP($A38,'[3]allergenen 6nr'!$A$1:$O$1310,14,FALSE) -> X | BP38: =VLOOKUP($A38,'[3]allergenen 6nr'!$A$1:$O$1310,15,FALSE) -> X
A39: 61694900 | B39: =VLOOKUP($A39,[1]maaltijden!$A$1:$IV$65536,4,FALSE) -> BOF BE BALLETJES LUIKSE SAUS GEBAKKEN AARD 450G | C39: =VLOOKUP($A39,[1]maaltijden!$A$1:$IV$65536,7,FALSE) -> C2227-2X | D39: =VLOOKUP($A39,[1]maaltijden!$A$1:$IV$65536,10,FALSE) -> H10 | E39: =VLOOKUP($A39,[1]maaltijden!$A$1:$IV$65536,13,FALSE) -> H10X8 | F39: =IF($D39="Bedrukte folie 470x300",1,0) -> 0 | G39: =VLOOKUP($A39,[1]maaltijden!$A$1:$IV$65536,27,FALSE) -> ! ! | H39: =VLOOKUP($A39,[1]maaltijden!$A$1:$IV$65536,21,FALSE) -> 5 | I39: =VLOOKUP($A39,[1]maaltijden!$A$1:$IV$65536,21,FALSE) -> 5 | J39: =VLOOKUP($A39,[1]maaltijden!$A$1:$IV$65536,18,FALSE) -> 4 | K39: =VLOOKUP($A39,[1]maaltijden!$A$1:$IV$65536,17,FALSE) -> 1 | L39: =VLOOKUP($A39,[1]maaltijden!$A$1:$IV$65536,20,FALSE) -> 2000 | M39: =VLOOKUP($A39,[1]maaltijden!$A$1:$IV$65536,22,FALSE) -> 2000 | N39: 0 | O39: 0 | P39: 1 | Q39: 2 | R39: 0 | S39: 1 | T39: 1 | U39: 1 | V39: 1 | W39: 1 | X39: 1 | Y39: 1 | Z39: 0 | AA39: 0 | AB39: 0 | AC39: 0 | AD39: 0 | AE39: 0 | AF39: 0 | AG39: 0 | AH39: 1 | AI39: 0 | AJ39: 0 | AK39: 0 | AL39: 0 | AM39: 0 | AN39: =IFERROR(INDEX([2]lijnopstellingsfiche!$AP$1:$AP$65536,MATCH(A39,[2]lijnopstellingsfiche!$AQ$1:$AQ$65536,0)),"") -> 1 | AO39: 0 | AP39: 0 | AQ39: 1 | AR39: 0 | AS39: 1 | AT39: 0 | AU39: 0 | AV39: 0 | AW39: 1 | AX39: 0 | AY39: 1 | AZ39: 1 | BA39: 0 | BB39: 1 | BC39: 0 | BD39: =VLOOKUP($A39,'[3]allergenen 6nr'!$A$1:$O$1310,3,FALSE) -> - | BE39: =VLOOKUP($A39,'[3]allergenen 6nr'!$A$1:$O$1310,4,FALSE) -> X | BF39: =VLOOKUP($A39,'[3]allergenen 6nr'!$A$1:$O$1310,5,FALSE) -> + | BG39: =VLOOKUP($A39,'[3]allergenen 6nr'!$A$1:$O$1310,6,FALSE) -> - | BH39: =VLOOKUP($A39,'[3]allergenen 6nr'!$A$1:$O$1310,7,FALSE) -> X | BI39: =VLOOKUP($A39,'[3]allergenen 6nr'!$A$1:$O$1310,8,FALSE) -> X | BJ39: =VLOOKUP($A39,'[3]allergenen 6nr'!$A$1:$O$1310,9,FALSE) -> X | BK39: =VLOOKUP($A39,'[3]allergenen 6nr'!$A$1:$O$1310,10,FALSE) -> X | BL39: =VLOOKUP($A39,'[3]allergenen 6nr'!$A$1:$O$1310,11,FALSE) -> X | BM39: =VLOOKUP($A39,'[3]allergenen 6nr'!$A$1:$O$1310,12,FALSE) -> - | BN39: =VLOOKUP($A39,'[3]allergenen 6nr'!$A$1:$O$1310,13,FALSE) -> X | BO39: =VLOOKUP($A39,'[3]allergenen 6nr'!$A$1:$O$1310,14,FALSE) -> X | BP39: =VLOOKUP($A39,'[3]allergenen 6nr'!$A$1:$O$1310,15,FALSE) -> X
A40: 61695000 | B40: =VLOOKUP($A40,[1]maaltijden!$A$1:$IV$65536,4,FALSE) -> BOF BE KABELJAUW MSC FIJNE GROENTEN PUREE 450G | C40: =VLOOKUP($A40,[1]maaltijden!$A$1:$IV$65536,7,FALSE) -> C2227-2X | D40: =VLOOKUP($A40,[1]maaltijden!$A$1:$IV$65536,10,FALSE) -> H10 | E40: =VLOOKUP($A40,[1]maaltijden!$A$1:$IV$65536,13,FALSE) -> H10X8 | F40: =IF($D40="Bedrukte folie 470x300",1,0) -> 0 | G40: =VLOOKUP($A40,[1]maaltijden!$A$1:$IV$65536,27,FALSE) -> ! ! ! ! | H40: =VLOOKUP($A40,[1]maaltijden!$A$1:$IV$65536,21,FALSE) -> 3 | I40: =VLOOKUP($A40,[1]maaltijden!$A$1:$IV$65536,21,FALSE) -> 3 | J40: =VLOOKUP($A40,[1]maaltijden!$A$1:$IV$65536,18,FALSE) -> 2 | K40: =VLOOKUP($A40,[1]maaltijden!$A$1:$IV$65536,17,FALSE) -> 3 | L40: =VLOOKUP($A40,[1]maaltijden!$A$1:$IV$65536,20,FALSE) -> 2200 | M40: =VLOOKUP($A40,[1]maaltijden!$A$1:$IV$65536,22,FALSE) -> 2200 | N40: Puree : 21406200 | O40: 0 | P40: 1 | Q40: 2 | R40: 0 | S40: 1 | T40: 1 | U40: 1 | V40: 1 | W40: 1 | X40: 1 | Y40: 1 | Z40: 0 | AA40: 0 | AB40: 0 | AC40: 0 | AD40: 0 | AE40: 0 | AF40: 1 | AG40: 0 | AH40: 2 | AI40: 1 | AJ40: 0 | AK40: 0 | AL40: 0 | AM40: 0 | AN40: =IFERROR(INDEX([2]lijnopstellingsfiche!$AP$1:$AP$65536,MATCH(A40,[2]lijnopstellingsfiche!$AQ$1:$AQ$65536,0)),"") -> - | AO40: 0 | AP40: 0 | AQ40: 1 | AR40: 1 | AS40: 0 | AT40: 0 | AU40: 0 | AV40: 0 | AW40: 1 | AX40: 0 | AY40: 1 | AZ40: 1 | BA40: 0 | BB40: 1 | BC40: 0 | BD40: =VLOOKUP($A40,'[3]allergenen 6nr'!$A$1:$O$1310,3,FALSE) -> - | BE40: =VLOOKUP($A40,'[3]allergenen 6nr'!$A$1:$O$1310,4,FALSE) -> + | BF40: =VLOOKUP($A40,'[3]allergenen 6nr'!$A$1:$O$1310,5,FALSE) -> - | BG40: =VLOOKUP($A40,'[3]allergenen 6nr'!$A$1:$O$1310,6,FALSE) -> - | BH40: =VLOOKUP($A40,'[3]allergenen 6nr'!$A$1:$O$1310,7,FALSE) -> + | BI40: =VLOOKUP($A40,'[3]allergenen 6nr'!$A$1:$O$1310,8,FALSE) -> - | BJ40: =VLOOKUP($A40,'[3]allergenen 6nr'!$A$1:$O$1310,9,FALSE) -> - | BK40: =VLOOKUP($A40,'[3]allergenen 6nr'!$A$1:$O$1310,10,FALSE) -> X | BL40: =VLOOKUP($A40,'[3]allergenen 6nr'!$A$1:$O$1310,11,FALSE) -> - | BM40: =VLOOKUP($A40,'[3]allergenen 6nr'!$A$1:$O$1310,12,FALSE) -> - | BN40: =VLOOKUP($A40,'[3]allergenen 6nr'!$A$1:$O$1310,13,FALSE) -> - | BO40: =VLOOKUP($A40,'[3]allergenen 6nr'!$A$1:$O$1310,14,FALSE) -> + | BP40: =VLOOKUP($A40,'[3]allergenen 6nr'!$A$1:$O$1310,15,FALSE) -> X
A41: 61695100 | B41: =VLOOKUP($A41,[1]maaltijden!$A$1:$IV$65536,4,FALSE) -> BOF BE KABELJAUW MSC PREIROOM PUREE 450G | C41: =VLOOKUP($A41,[1]maaltijden!$A$1:$IV$65536,7,FALSE) -> C2227-2X | D41: =VLOOKUP($A41,[1]maaltijden!$A$1:$IV$65536,10,FALSE) -> H10 | E41: =VLOOKUP($A41,[1]maaltijden!$A$1:$IV$65536,13,FALSE) -> H10X8 | F41: =IF($D41="Bedrukte folie 470x300",1,0) -> 0 | G41: =VLOOKUP($A41,[1]maaltijden!$A$1:$IV$65536,27,FALSE) -> ! ! ! ! | H41: =VLOOKUP($A41,[1]maaltijden!$A$1:$IV$65536,21,FALSE) -> 4 | I41: =VLOOKUP($A41,[1]maaltijden!$A$1:$IV$65536,21,FALSE) -> 4 | J41: =VLOOKUP($A41,[1]maaltijden!$A$1:$IV$65536,18,FALSE) -> 2 | K41: =VLOOKUP($A41,[1]maaltijden!$A$1:$IV$65536,17,FALSE) -> 3 | L41: =VLOOKUP($A41,[1]maaltijden!$A$1:$IV$65536,20,FALSE) -> 2200 | M41: =VLOOKUP($A41,[1]maaltijden!$A$1:$IV$65536,22,FALSE) -> 2200 | N41: Puree : 21406200 | O41: 0 | P41: 1 | Q41: 2 | R41: 0 | S41: 1 | T41: 1 | U41: 1 | V41: 1 | W41: 1 | X41: 1 | Y41: 1 | Z41: 0 | AA41: 0 | AB41: 0 | AC41: 0 | AD41: 0 | AE41: 0 | AF41: 0 | AG41: 0 | AH41: 2 | AI41: 1 | AJ41: 0 | AK41: 0 | AL41: 0 | AM41: 0 | AN41: =IFERROR(INDEX([2]lijnopstellingsfiche!$AP$1:$AP$65536,MATCH(A41,[2]lijnopstellingsfiche!$AQ$1:$AQ$65536,0)),"") -> - | AO41: 0 | AP41: 0 | AQ41: 1 | AR41: 1 | AS41: 0 | AT41: 0 | AU41: 0 | AV41: 0 | AW41: 1 | AX41: 0 | AY41: 1 | AZ41: 1 | BA41: 0 | BB41: 1 | BC41: 0 | BD41: =VLOOKUP($A41,'[3]allergenen 6nr'!$A$1:$O$1310,3,FALSE) -> - | BE41: =VLOOKUP($A41,'[3]allergenen 6nr'!$A$1:$O$1310,4,FALSE) -> + | BF41: =VLOOKUP($A41,'[3]allergenen 6nr'!$A$1:$O$1310,5,FALSE) -> + | BG41: =VLOOKUP($A41,'[3]allergenen 6nr'!$A$1:$O$1310,6,FALSE) -> X | BH41: =VLOOKUP($A41,'[3]allergenen 6nr'!$A$1:$O$1310,7,FALSE) -> + | BI41: =VLOOKUP($A41,'[3]allergenen 6nr'!$A$1:$O$1310,8,FALSE) -> X | BJ41: =VLOOKUP($A41,'[3]allergenen 6nr'!$A$1:$O$1310,9,FALSE) -> - | BK41: =VLOOKUP($A41,'[3]allergenen 6nr'!$A$1:$O$1310,10,FALSE) -> X | BL41: =VLOOKUP($A41,'[3]allergenen 6nr'!$A$1:$O$1310,11,FALSE) -> - | BM41: =VLOOKUP($A41,'[3]allergenen 6nr'!$A$1:$O$1310,12,FALSE) -> - | BN41: =VLOOKUP($A41,'[3]allergenen 6nr'!$A$1:$O$1310,13,FALSE) -> X | BO41: =VLOOKUP($A41,'[3]allergenen 6nr'!$A$1:$O$1310,14,FALSE) -> + | BP41: =VLOOKUP($A41,'[3]allergenen 6nr'!$A$1:$O$1310,15,FALSE) -> X
A42: 61695200 | B42: =VLOOKUP($A42,[1]maaltijden!$A$1:$IV$65536,4,FALSE) -> BOF BE OOSTENDS VISPANNETJE ASC MSC 420G | C42: =VLOOKUP($A42,[1]maaltijden!$A$1:$IV$65536,7,FALSE) -> C2227-1E | D42: =VLOOKUP($A42,[1]maaltijden!$A$1:$IV$65536,10,FALSE) -> H10 | E42: =VLOOKUP($A42,[1]maaltijden!$A$1:$IV$65536,13,FALSE) -> H10X8 | F42: =IF($D42="Bedrukte folie 470x300",1,0) -> 0 | G42: =VLOOKUP($A42,[1]maaltijden!$A$1:$IV$65536,27,FALSE) -> ! ! ! ! | H42: =VLOOKUP($A42,[1]maaltijden!$A$1:$IV$65536,21,FALSE) -> 8 | I42: =VLOOKUP($A42,[1]maaltijden!$A$1:$IV$65536,21,FALSE) -> 8 | J42: =VLOOKUP($A42,[1]maaltijden!$A$1:$IV$65536,18,FALSE) -> 2 | K42: =VLOOKUP($A42,[1]maaltijden!$A$1:$IV$65536,17,FALSE) -> 1 | L42: =VLOOKUP($A42,[1]maaltijden!$A$1:$IV$65536,20,FALSE) -> 2200 | M42: =VLOOKUP($A42,[1]maaltijden!$A$1:$IV$65536,22,FALSE) -> 2200 | N42: 0 | O42: 0 | P42: 1 | Q42: 2 | R42: 0 | S42: 1 | T42: 1 | U42: 1 | V42: 1 | W42: 1 | X42: 1 | Y42: 1 | Z42: 0 | AA42: 0 | AB42: 0 | AC42: 0 | AD42: 0 | AE42: 0 | AF42: 0 | AG42: 0 | AH42: 1 | AI42: 0 | AJ42: 0 | AK42: 0 | AL42: 0 | AM42: 0 | AN42: =IFERROR(INDEX([2]lijnopstellingsfiche!$AP$1:$AP$65536,MATCH(A42,[2]lijnopstellingsfiche!$AQ$1:$AQ$65536,0)),"") -> - | AO42: 0 | AP42: 1 | AQ42: 2 | AR42: 0 | AS42: 0 | AT42: 0 | AU42: 0 | AV42: 0 | AW42: 1 | AX42: 0 | AY42: 1 | AZ42: 1 | BA42: 0 | BB42: 1 | BC42: 0 | BD42: =VLOOKUP($A42,'[3]allergenen 6nr'!$A$1:$O$1310,3,FALSE) -> - | BE42: =VLOOKUP($A42,'[3]allergenen 6nr'!$A$1:$O$1310,4,FALSE) -> - | BF42: =VLOOKUP($A42,'[3]allergenen 6nr'!$A$1:$O$1310,5,FALSE) -> + | BG42: =VLOOKUP($A42,'[3]allergenen 6nr'!$A$1:$O$1310,6,FALSE) -> X | BH42: =VLOOKUP($A42,'[3]allergenen 6nr'!$A$1:$O$1310,7,FALSE) -> + | BI42: =VLOOKUP($A42,'[3]allergenen 6nr'!$A$1:$O$1310,8,FALSE) -> X | BJ42: =VLOOKUP($A42,'[3]allergenen 6nr'!$A$1:$O$1310,9,FALSE) -> - | BK42: =VLOOKUP($A42,'[3]allergenen 6nr'!$A$1:$O$1310,10,FALSE) -> X | BL42: =VLOOKUP($A42,'[3]allergenen 6nr'!$A$1:$O$1310,11,FALSE) -> + | BM42: =VLOOKUP($A42,'[3]allergenen 6nr'!$A$1:$O$1310,12,FALSE) -> - | BN42: =VLOOKUP($A42,'[3]allergenen 6nr'!$A$1:$O$1310,13,FALSE) -> X | BO42: =VLOOKUP($A42,'[3]allergenen 6nr'!$A$1:$O$1310,14,FALSE) -> + | BP42: =VLOOKUP($A42,'[3]allergenen 6nr'!$A$1:$O$1310,15,FALSE) -> X
A43: 61695300 | B43: =VLOOKUP($A43,[1]maaltijden!$A$1:$IV$65536,4,FALSE) -> BOF BE HERTENSTOOFPOT APPEL VEENB POMPOENPUR 450G | C43: =VLOOKUP($A43,[1]maaltijden!$A$1:$IV$65536,7,FALSE) -> C2227-3C | D43: =VLOOKUP($A43,[1]maaltijden!$A$1:$IV$65536,10,FALSE) -> H10 | E43: =VLOOKUP($A43,[1]maaltijden!$A$1:$IV$65536,13,FALSE) -> H10X8 | F43: =IF($D43="Bedrukte folie 470x300",1,0) -> 0 | G43: =VLOOKUP($A43,[1]maaltijden!$A$1:$IV$65536,27,FALSE) -> ! ! | H43: =VLOOKUP($A43,[1]maaltijden!$A$1:$IV$65536,21,FALSE) -> 8 | I43: =VLOOKUP($A43,[1]maaltijden!$A$1:$IV$65536,21,FALSE) -> 8 | J43: =VLOOKUP($A43,[1]maaltijden!$A$1:$IV$65536,18,FALSE) -> 2 | K43: =VLOOKUP($A43,[1]maaltijden!$A$1:$IV$65536,17,FALSE) -> 3 | L43: =VLOOKUP($A43,[1]maaltijden!$A$1:$IV$65536,20,FALSE) -> 1750 | M43: =VLOOKUP($A43,[1]maaltijden!$A$1:$IV$65536,22,FALSE) -> 1750 | N43: Hertenstoofvlees D-3 | O43: 0 | P43: 1 | Q43: 2 | R43: 0 | S43: 1 | T43: 1 | U43: 1 | V43: 0 | W43: 0 | X43: 1 | Y43: 1 | Z43: 0 | AA43: 1 | AB43: 0 | AC43: 0 | AD43: 0 | AE43: 1 | AF43: 0 | AG43: 0 | AH43: 3 | AI43: 1 | AJ43: 0 | AK43: 0 | AL43: 0 | AM43: 0 | AN43: =IFERROR(INDEX([2]lijnopstellingsfiche!$AP$1:$AP$65536,MATCH(A43,[2]lijnopstellingsfiche!$AQ$1:$AQ$65536,0)),"") -> 5 | AO43: 0 | AP43: 0 | AQ43: 2 | AR43: 1 | AS43: 0 | AT43: 0 | AU43: 0 | AV43: 0 | AW43: 1 | AX43: 0 | AY43: 1 | AZ43: 1 | BA43: 0 | BB43: 1 | BC43: 0 | BD43: =VLOOKUP($A43,'[3]allergenen 6nr'!$A$1:$O$1310,3,FALSE) -> - | BE43: =VLOOKUP($A43,'[3]allergenen 6nr'!$A$1:$O$1310,4,FALSE) -> - | BF43: =VLOOKUP($A43,'[3]allergenen 6nr'!$A$1:$O$1310,5,FALSE) -> + | BG43: =VLOOKUP($A43,'[3]allergenen 6nr'!$A$1:$O$1310,6,FALSE) -> X | BH43: =VLOOKUP($A43,'[3]allergenen 6nr'!$A$1:$O$1310,7,FALSE) -> + | BI43: =VLOOKUP($A43,'[3]allergenen 6nr'!$A$1:$O$1310,8,FALSE) -> X | BJ43: =VLOOKUP($A43,'[3]allergenen 6nr'!$A$1:$O$1310,9,FALSE) -> - | BK43: =VLOOKUP($A43,'[3]allergenen 6nr'!$A$1:$O$1310,10,FALSE) -> - | BL43: =VLOOKUP($A43,'[3]allergenen 6nr'!$A$1:$O$1310,11,FALSE) -> - | BM43: =VLOOKUP($A43,'[3]allergenen 6nr'!$A$1:$O$1310,12,FALSE) -> - | BN43: =VLOOKUP($A43,'[3]allergenen 6nr'!$A$1:$O$1310,13,FALSE) -> X | BO43: =VLOOKUP($A43,'[3]allergenen 6nr'!$A$1:$O$1310,14,FALSE) -> - | BP43: =VLOOKUP($A43,'[3]allergenen 6nr'!$A$1:$O$1310,15,FALSE) -> -
A44: 61695400 | B44: =VLOOKUP($A44,[1]maaltijden!$A$1:$IV$65536,4,FALSE) -> BOF BE JACHTSCHOTEL RODE KOOL PUREE 450G | C44: =VLOOKUP($A44,[1]maaltijden!$A$1:$IV$65536,7,FALSE) -> C2227-3C | D44: =VLOOKUP($A44,[1]maaltijden!$A$1:$IV$65536,10,FALSE) -> H10 | E44: =VLOOKUP($A44,[1]maaltijden!$A$1:$IV$65536,13,FALSE) -> H10X8 | F44: =IF($D44="Bedrukte folie 470x300",1,0) -> 0 | G44: =VLOOKUP($A44,[1]maaltijden!$A$1:$IV$65536,27,FALSE) -> ! ! ! | H44: =VLOOKUP($A44,[1]maaltijden!$A$1:$IV$65536,21,FALSE) -> 8 | I44: =VLOOKUP($A44,[1]maaltijden!$A$1:$IV$65536,21,FALSE) -> 8 | J44: =VLOOKUP($A44,[1]maaltijden!$A$1:$IV$65536,18,FALSE) -> 2 | K44: =VLOOKUP($A44,[1]maaltijden!$A$1:$IV$65536,17,FALSE) -> 3 | L44: =VLOOKUP($A44,[1]maaltijden!$A$1:$IV$65536,20,FALSE) -> 1750 | M44: =VLOOKUP($A44,[1]maaltijden!$A$1:$IV$65536,22,FALSE) -> 1750 | N44: Puree : 21406200 | O44: 0 | P44: 1 | Q44: 2 | R44: 0 | S44: 1 | T44: 1 | U44: 0 | V44: 1 | W44: 1 | X44: 1 | Y44: 1 | Z44: 1 | AA44: 0 | AB44: 0 | AC44: 0 | AD44: 0 | AE44: 1 | AF44: 0 | AG44: 0 | AH44: 2 | AI44: 1 | AJ44: 0 | AK44: 0 | AL44: 0 | AM44: 0 | AN44: =IFERROR(INDEX([2]lijnopstellingsfiche!$AP$1:$AP$65536,MATCH(A44,[2]lijnopstellingsfiche!$AQ$1:$AQ$65536,0)),"") -> 5 | AO44: 0 | AP44: 0 | AQ44: 2 | AR44: 1 | AS44: 0 | AT44: 0 | AU44: 0 | AV44: 0 | AW44: 1 | AX44: 0 | AY44: 1 | AZ44: 1 | BA44: 0 | BB44: 1 | BC44: 0 | BD44: =VLOOKUP($A44,'[3]allergenen 6nr'!$A$1:$O$1310,3,FALSE) -> - | BE44: =VLOOKUP($A44,'[3]allergenen 6nr'!$A$1:$O$1310,4,FALSE) -> + | BF44: =VLOOKUP($A44,'[3]allergenen 6nr'!$A$1:$O$1310,5,FALSE) -> + | BG44: =VLOOKUP($A44,'[3]allergenen 6nr'!$A$1:$O$1310,6,FALSE) -> X | BH44: =VLOOKUP($A44,'[3]allergenen 6nr'!$A$1:$O$1310,7,FALSE) -> + | BI44: =VLOOKUP($A44,'[3]allergenen 6nr'!$A$1:$O$1310,8,FALSE) -> + | BJ44: =VLOOKUP($A44,'[3]allergenen 6nr'!$A$1:$O$1310,9,FALSE) -> - | BK44: =VLOOKUP($A44,'[3]allergenen 6nr'!$A$1:$O$1310,10,FALSE) -> - | BL44: =VLOOKUP($A44,'[3]allergenen 6nr'!$A$1:$O$1310,11,FALSE) -> - | BM44: =VLOOKUP($A44,'[3]allergenen 6nr'!$A$1:$O$1310,12,FALSE) -> - | BN44: =VLOOKUP($A44,'[3]allergenen 6nr'!$A$1:$O$1310,13,FALSE) -> X | BO44: =VLOOKUP($A44,'[3]allergenen 6nr'!$A$1:$O$1310,14,FALSE) -> - | BP44: =VLOOKUP($A44,'[3]allergenen 6nr'!$A$1:$O$1310,15,FALSE) -> -
A45: 61695500 | B45: =VLOOKUP($A45,[1]maaltijden!$A$1:$IV$65536,4,FALSE) -> BOF BE VARKENSHAASJE PEPERROOM WORTELEN PUREE 450G | C45: =VLOOKUP($A45,[1]maaltijden!$A$1:$IV$65536,7,FALSE) -> C2227-3C | D45: =VLOOKUP($A45,[1]maaltijden!$A$1:$IV$65536,10,FALSE) -> H10 | E45: =VLOOKUP($A45,[1]maaltijden!$A$1:$IV$65536,13,FALSE) -> H10X8 | F45: =IF($D45="Bedrukte folie 470x300",1,0) -> 0 | G45: =VLOOKUP($A45,[1]maaltijden!$A$1:$IV$65536,27,FALSE) -> ! ! | H45: =VLOOKUP($A45,[1]maaltijden!$A$1:$IV$65536,21,FALSE) -> 9 | I45: =VLOOKUP($A45,[1]maaltijden!$A$1:$IV$65536,21,FALSE) -> 9 | J45: =VLOOKUP($A45,[1]maaltijden!$A$1:$IV$65536,18,FALSE) -> 2 | K45: =VLOOKUP($A45,[1]maaltijden!$A$1:$IV$65536,17,FALSE) -> 3 | L45: =VLOOKUP($A45,[1]maaltijden!$A$1:$IV$65536,20,FALSE) -> 1750 | M45: =VLOOKUP($A45,[1]maaltijden!$A$1:$IV$65536,22,FALSE) -> 1750 | P45: 1 | Q45: 2 | R45: 0 | S45: 1 | T45: 1 | U45: 0 | V45: 1 | W45: 1 | X45: 1 | Y45: 1 | Z45: 1 | AA45: 0 | AB45: 0 | AC45: 0 | AD45: 0 | AE45: 1 | AF45: 0 | AG45: 0 | AH45: 2 | AI45: 1 | AJ45: 0 | AK45: 0 | AL45: 0 | AM45: 0 | AN45: =IFERROR(INDEX([2]lijnopstellingsfiche!$AP$1:$AP$65536,MATCH(A45,[2]lijnopstellingsfiche!$AQ$1:$AQ$65536,0)),"") -> 5 | AO45: 0 | AP45: 0 | AQ45: 1 | AR45: 1 | AS45: 0 | AT45: 0 | AU45: 0 | AV45: 0 | AW45: 1 | AX45: 0 | AY45: 1 | AZ45: 1 | BA45: 0 | BB45: 1 | BC45: 0 | BD45: =VLOOKUP($A45,'[3]allergenen 6nr'!$A$1:$O$1310,3,FALSE) -> - | BE45: =VLOOKUP($A45,'[3]allergenen 6nr'!$A$1:$O$1310,4,FALSE) -> + | BF45: =VLOOKUP($A45,'[3]allergenen 6nr'!$A$1:$O$1310,5,FALSE) -> + | BG45: =VLOOKUP($A45,'[3]allergenen 6nr'!$A$1:$O$1310,6,FALSE) -> X | BH45: =VLOOKUP($A45,'[3]allergenen 6nr'!$A$1:$O$1310,7,FALSE) -> + | BI45: =VLOOKUP($A45,'[3]allergenen 6nr'!$A$1:$O$1310,8,FALSE) -> X | BJ45: =VLOOKUP($A45,'[3]allergenen 6nr'!$A$1:$O$1310,9,FALSE) -> - | BK45: =VLOOKUP($A45,'[3]allergenen 6nr'!$A$1:$O$1310,10,FALSE) -> - | BL45: =VLOOKUP($A45,'[3]allergenen 6nr'!$A$1:$O$1310,11,FALSE) -> - | BM45: =VLOOKUP($A45,'[3]allergenen 6nr'!$A$1:$O$1310,12,FALSE) -> - | BN45: =VLOOKUP($A45,'[3]allergenen 6nr'!$A$1:$O$1310,13,FALSE) -> X | BO45: =VLOOKUP($A45,'[3]allergenen 6nr'!$A$1:$O$1310,14,FALSE) -> - | BP45: =VLOOKUP($A45,'[3]allergenen 6nr'!$A$1:$O$1310,15,FALSE) -> -
A46: 61695600 | B46: =VLOOKUP($A46,[1]maaltijden!$A$1:$IV$65536,4,FALSE) -> BOF BE BLINDE VINK RODE KOOL AARD.KUBUS 450G | C46: =VLOOKUP($A46,[1]maaltijden!$A$1:$IV$65536,7,FALSE) -> C2227-3C | D46: =VLOOKUP($A46,[1]maaltijden!$A$1:$IV$65536,10,FALSE) -> H10 | E46: =VLOOKUP($A46,[1]maaltijden!$A$1:$IV$65536,13,FALSE) -> H10X8 | F46: =IF($D46="Bedrukte folie 470x300",1,0) -> 0 | G46: =VLOOKUP($A46,[1]maaltijden!$A$1:$IV$65536,27,FALSE) -> ! ! | H46: =VLOOKUP($A46,[1]maaltijden!$A$1:$IV$65536,21,FALSE) -> 5 | I46: =VLOOKUP($A46,[1]maaltijden!$A$1:$IV$65536,21,FALSE) -> 5 | J46: =VLOOKUP($A46,[1]maaltijden!$A$1:$IV$65536,18,FALSE) -> 2 | K46: =VLOOKUP($A46,[1]maaltijden!$A$1:$IV$65536,17,FALSE) -> 3 | L46: =VLOOKUP($A46,[1]maaltijden!$A$1:$IV$65536,20,FALSE) -> 2200 | M46: =VLOOKUP($A46,[1]maaltijden!$A$1:$IV$65536,22,FALSE) -> 2200 | N46: 0 | O46: 0 | P46: 1 | Q46: 2 | R46: 0 | S46: 1 | T46: 1 | U46: 0 | V46: 1 | W46: 1 | X46: 1 | Y46: 1 | Z46: 1 | AA46: 0 | AB46: 0 | AC46: 0 | AD46: 0 | AE46: 1 | AF46: 0 | AG46: 0 | AH46: 1 | AI46: 1 | AJ46: 0 | AK46: 0 | AL46: 0 | AM46: 0 | AN46: =IFERROR(INDEX([2]lijnopstellingsfiche!$AP$1:$AP$65536,MATCH(A46,[2]lijnopstellingsfiche!$AQ$1:$AQ$65536,0)),"") -> - | AO46: 0 | AP46: 0 | AQ46: 1 | AR46: 1 | AS46: 0 | AT46: 0 | AU46: 0 | AV46: 0 | AW46: 1 | AX46: 0 | AY46: 1 | AZ46: 1 | BA46: 0 | BB46: 1 | BC46: 0 | BD46: =VLOOKUP($A46,'[3]allergenen 6nr'!$A$1:$O$1310,3,FALSE) -> - | BE46: =VLOOKUP($A46,'[3]allergenen 6nr'!$A$1:$O$1310,4,FALSE) -> X | BF46: =VLOOKUP($A46,'[3]allergenen 6nr'!$A$1:$O$1310,5,FALSE) -> + | BG46: =VLOOKUP($A46,'[3]allergenen 6nr'!$A$1:$O$1310,6,FALSE) -> X | BH46: =VLOOKUP($A46,'[3]allergenen 6nr'!$A$1:$O$1310,7,FALSE) -> X | BI46: =VLOOKUP($A46,'[3]allergenen 6nr'!$A$1:$O$1310,8,FALSE) -> X | BJ46: =VLOOKUP($A46,'[3]allergenen 6nr'!$A$1:$O$1310,9,FALSE) -> X | BK46: =VLOOKUP($A46,'[3]allergenen 6nr'!$A$1:$O$1310,10,FALSE) -> X | BL46: =VLOOKUP($A46,'[3]allergenen 6nr'!$A$1:$O$1310,11,FALSE) -> X | BM46: =VLOOKUP($A46,'[3]allergenen 6nr'!$A$1:$O$1310,12,FALSE) -> - | BN46: =VLOOKUP($A46,'[3]allergenen 6nr'!$A$1:$O$1310,13,FALSE) -> X | BO46: =VLOOKUP($A46,'[3]allergenen 6nr'!$A$1:$O$1310,14,FALSE) -> X | BP46: =VLOOKUP($A46,'[3]allergenen 6nr'!$A$1:$O$1310,15,FALSE) -> -
A47: 61695700 | B47: =VLOOKUP($A47,[1]maaltijden!$A$1:$IV$65536,4,FALSE) -> BOF BE CHIPOLATA BLOEMKOOL PUREE 450G | C47: =VLOOKUP($A47,[1]maaltijden!$A$1:$IV$65536,7,FALSE) -> C2227-3C | D47: =VLOOKUP($A47,[1]maaltijden!$A$1:$IV$65536,10,FALSE) -> H10 | E47: =VLOOKUP($A47,[1]maaltijden!$A$1:$IV$65536,13,FALSE) -> H10X8 | F47: =IF($D47="Bedrukte folie 470x300",1,0) -> 0 | G47: =VLOOKUP($A47,[1]maaltijden!$A$1:$IV$65536,27,FALSE) -> ! ! | H47: =VLOOKUP($A47,[1]maaltijden!$A$1:$IV$65536,21,FALSE) -> 6 | I47: =VLOOKUP($A47,[1]maaltijden!$A$1:$IV$65536,21,FALSE) -> 6 | J47: =VLOOKUP($A47,[1]maaltijden!$A$1:$IV$65536,18,FALSE) -> 2 | K47: =VLOOKUP($A47,[1]maaltijden!$A$1:$IV$65536,17,FALSE) -> 3 | L47: =VLOOKUP($A47,[1]maaltijden!$A$1:$IV$65536,20,FALSE) -> 2200 | M47: =VLOOKUP($A47,[1]maaltijden!$A$1:$IV$65536,22,FALSE) -> 2200 | N47: Puree : 21406200 | O47: 0 | P47: 1 | Q47: 2 | R47: 0 | S47: 1 | T47: 1 | U47: 0 | V47: 1 | W47: 1 | X47: 1 | Y47: 1 | Z47: 1 | AA47: 0 | AB47: 0 | AC47: 0 | AD47: 0 | AE47: 1 | AF47: 0 | AG47: 0 | AH47: 3 | AI47: 0 | AJ47: 0 | AK47: 0 | AL47: 0 | AM47: 0 | AN47: =IFERROR(INDEX([2]lijnopstellingsfiche!$AP$1:$AP$65536,MATCH(A47,[2]lijnopstellingsfiche!$AQ$1:$AQ$65536,0)),"") -> - | AO47: 0 | AP47: 0 | AQ47: 3 | AR47: 1 | AS47: 0 | AT47: 0 | AU47: 0 | AV47: 0 | AW47: 1 | AX47: 0 | AY47: 1 | AZ47: 1 | BA47: 0 | BB47: 1 | BC47: 0 | BD47: =VLOOKUP($A47,'[3]allergenen 6nr'!$A$1:$O$1310,3,FALSE) -> X | BE47: =VLOOKUP($A47,'[3]allergenen 6nr'!$A$1:$O$1310,4,FALSE) -> + | BF47: =VLOOKUP($A47,'[3]allergenen 6nr'!$A$1:$O$1310,5,FALSE) -> + | BG47: =VLOOKUP($A47,'[3]allergenen 6nr'!$A$1:$O$1310,6,FALSE) -> X | BH47: =VLOOKUP($A47,'[3]allergenen 6nr'!$A$1:$O$1310,7,FALSE) -> + | BI47: =VLOOKUP($A47,'[3]allergenen 6nr'!$A$1:$O$1310,8,FALSE) -> X | BJ47: =VLOOKUP($A47,'[3]allergenen 6nr'!$A$1:$O$1310,9,FALSE) -> X | BK47: =VLOOKUP($A47,'[3]allergenen 6nr'!$A$1:$O$1310,10,FALSE) -> X | BL47: =VLOOKUP($A47,'[3]allergenen 6nr'!$A$1:$O$1310,11,FALSE) -> X | BM47: =VLOOKUP($A47,'[3]allergenen 6nr'!$A$1:$O$1310,12,FALSE) -> X | BN47: =VLOOKUP($A47,'[3]allergenen 6nr'!$A$1:$O$1310,13,FALSE) -> X | BO47: =VLOOKUP($A47,'[3]allergenen 6nr'!$A$1:$O$1310,14,FALSE) -> X | BP47: =VLOOKUP($A47,'[3]allergenen 6nr'!$A$1:$O$1310,15,FALSE) -> X
A48: 61699500 | B48: =VLOOKUP($A48,[1]maaltijden!$A$1:$IV$65536,4,FALSE) -> BOF DE KIP BROCCOLI BLOEMKOOLROSTI 420G | C48: =VLOOKUP($A48,[1]maaltijden!$A$1:$IV$65536,7,FALSE) -> C2227-2X | D48: =VLOOKUP($A48,[1]maaltijden!$A$1:$IV$65536,10,FALSE) -> H10 | E48: =VLOOKUP($A48,[1]maaltijden!$A$1:$IV$65536,13,FALSE) -> H10X8 | F48: =IF($D48="Bedrukte folie 470x300",1,0) -> 0 | G48: =VLOOKUP($A48,[1]maaltijden!$A$1:$IV$65536,27,FALSE) -> ! ! | H48: =VLOOKUP($A48,[1]maaltijden!$A$1:$IV$65536,21,FALSE) -> 7 | I48: =VLOOKUP($A48,[1]maaltijden!$A$1:$IV$65536,21,FALSE) -> 7 | J48: =VLOOKUP($A48,[1]maaltijden!$A$1:$IV$65536,18,FALSE) -> 2 | K48: =VLOOKUP($A48,[1]maaltijden!$A$1:$IV$65536,17,FALSE) -> 2 | L48: =VLOOKUP($A48,[1]maaltijden!$A$1:$IV$65536,20,FALSE) -> 2200 | M48: =VLOOKUP($A48,[1]maaltijden!$A$1:$IV$65536,22,FALSE) -> 2200 | N48: 0 | O48: 0 | P48: 1 | Q48: 2 | R48: 0 | S48: 1 | T48: 1 | U48: 1 | V48: 1 | W48: 1 | X48: 1 | Y48: 1 | Z48: 0 | AA48: 0 | AB48: 0 | AC48: 0 | AD48: 0 | AE48: 0 | AF48: 0 | AG48: 0 | AH48: 2 | AI48: 0 | AJ48: 1 | AK48: 0 | AL48: 0 | AM48: 0 | AN48: =IFERROR(INDEX([2]lijnopstellingsfiche!$AP$1:$AP$65536,MATCH(A48,[2]lijnopstellingsfiche!$AQ$1:$AQ$65536,0)),"") -> - | AO48: 0 | AP48: 0 | AQ48: 1 | AR48: 0 | AS48: 1 | AT48: 0 | AU48: 0 | AV48: 0 | AW48: 1 | AX48: 0 | AY48: 1 | AZ48: 1 | BA48: 0 | BB48: 1 | BC48: 0 | BD48: =VLOOKUP($A48,'[3]allergenen 6nr'!$A$1:$O$1310,3,FALSE) -> - | BE48: =VLOOKUP($A48,'[3]allergenen 6nr'!$A$1:$O$1310,4,FALSE) -> X | BF48: =VLOOKUP($A48,'[3]allergenen 6nr'!$A$1:$O$1310,5,FALSE) -> X | BG48: =VLOOKUP($A48,'[3]allergenen 6nr'!$A$1:$O$1310,6,FALSE) -> - | BH48: =VLOOKUP($A48,'[3]allergenen 6nr'!$A$1:$O$1310,7,FALSE) -> + | BI48: =VLOOKUP($A48,'[3]allergenen 6nr'!$A$1:$O$1310,8,FALSE) -> - | BJ48: =VLOOKUP($A48,'[3]allergenen 6nr'!$A$1:$O$1310,9,FALSE) -> - | BK48: =VLOOKUP($A48,'[3]allergenen 6nr'!$A$1:$O$1310,10,FALSE) -> - | BL48: =VLOOKUP($A48,'[3]allergenen 6nr'!$A$1:$O$1310,11,FALSE) -> - | BM48: =VLOOKUP($A48,'[3]allergenen 6nr'!$A$1:$O$1310,12,FALSE) -> - | BN48: =VLOOKUP($A48,'[3]allergenen 6nr'!$A$1:$O$1310,13,FALSE) -> - | BO48: =VLOOKUP($A48,'[3]allergenen 6nr'!$A$1:$O$1310,14,FALSE) -> - | BP48: =VLOOKUP($A48,'[3]allergenen 6nr'!$A$1:$O$1310,15,FALSE) -> -
A49: 61699600 | B49: =VLOOKUP($A49,[1]maaltijden!$A$1:$IV$65536,4,FALSE) -> BOF DE KIP MADAGASCAR RIJST 420G | C49: =VLOOKUP($A49,[1]maaltijden!$A$1:$IV$65536,7,FALSE) -> C2227-2X | D49: =VLOOKUP($A49,[1]maaltijden!$A$1:$IV$65536,10,FALSE) -> H10 | E49: =VLOOKUP($A49,[1]maaltijden!$A$1:$IV$65536,13,FALSE) -> H10X8 | F49: =IF($D49="Bedrukte folie 470x300",1,0) -> 0 | G49: =VLOOKUP($A49,[1]maaltijden!$A$1:$IV$65536,27,FALSE) -> ! ! ! | H49: =VLOOKUP($A49,[1]maaltijden!$A$1:$IV$65536,21,FALSE) -> 4 | I49: =VLOOKUP($A49,[1]maaltijden!$A$1:$IV$65536,21,FALSE) -> 4 | J49: =VLOOKUP($A49,[1]maaltijden!$A$1:$IV$65536,18,FALSE) -> 2 | K49: =VLOOKUP($A49,[1]maaltijden!$A$1:$IV$65536,17,FALSE) -> 2 | L49: =VLOOKUP($A49,[1]maaltijden!$A$1:$IV$65536,20,FALSE) -> 2200 | M49: =VLOOKUP($A49,[1]maaltijden!$A$1:$IV$65536,22,FALSE) -> 2200 | N49: 0 | O49: 0 | P49: 1 | Q49: 2 | R49: 0 | S49: 1 | T49: 1 | U49: 0 | V49: 1 | W49: 1 | X49: 1 | Y49: 1 | Z49: 1 | AA49: 0 | AB49: 0 | AC49: 0 | AD49: 0 | AE49: 1 | AF49: 0 | AG49: 1 | AH49: 0 | AI49: 1 | AJ49: 0 | AK49: 0 | AL49: 0 | AM49: 1 | AN49: =IFERROR(INDEX([2]lijnopstellingsfiche!$AP$1:$AP$65536,MATCH(A49,[2]lijnopstellingsfiche!$AQ$1:$AQ$65536,0)),"") -> - | AO49: 0 | AP49: 0 | AQ49: 2 | AR49: 0 | AS49: 0 | AT49: 0 | AU49: 0 | AV49: 0 | AW49: 1 | AX49: 0 | AY49: 1 | AZ49: 1 | BA49: 0 | BB49: 1 | BC49: 0 | BD49: =VLOOKUP($A49,'[3]allergenen 6nr'!$A$1:$O$1310,3,FALSE) -> - | BE49: =VLOOKUP($A49,'[3]allergenen 6nr'!$A$1:$O$1310,4,FALSE) -> X | BF49: =VLOOKUP($A49,'[3]allergenen 6nr'!$A$1:$O$1310,5,FALSE) -> - | BG49: =VLOOKUP($A49,'[3]allergenen 6nr'!$A$1:$O$1310,6,FALSE) -> - | BH49: =VLOOKUP($A49,'[3]allergenen 6nr'!$A$1:$O$1310,7,FALSE) -> + | BI49: =VLOOKUP($A49,'[3]allergenen 6nr'!$A$1:$O$1310,8,FALSE) -> + | BJ49: =VLOOKUP($A49,'[3]allergenen 6nr'!$A$1:$O$1310,9,FALSE) -> - | BK49: =VLOOKUP($A49,'[3]allergenen 6nr'!$A$1:$O$1310,10,FALSE) -> - | BL49: =VLOOKUP($A49,'[3]allergenen 6nr'!$A$1:$O$1310,11,FALSE) -> + | BM49: =VLOOKUP($A49,'[3]allergenen 6nr'!$A$1:$O$1310,12,FALSE) -> - | BN49: =VLOOKUP($A49,'[3]allergenen 6nr'!$A$1:$O$1310,13,FALSE) -> - | BO49: =VLOOKUP($A49,'[3]allergenen 6nr'!$A$1:$O$1310,14,FALSE) -> - | BP49: =VLOOKUP($A49,'[3]allergenen 6nr'!$A$1:$O$1310,15,FALSE) -> -
A50: 63110200 | B50: =VLOOKUP($A50,[1]maaltijden!$A$1:$IV$65536,4,FALSE) -> ALDI BE VISPAN MSC PREISAUS 300G (MIXED) | C50: =VLOOKUP($A50,[1]maaltijden!$A$1:$IV$65536,7,FALSE) -> C2187-1F | D50: =VLOOKUP($A50,[1]maaltijden!$A$1:$IV$65536,10,FALSE) -> H11 | E50: =VLOOKUP($A50,[1]maaltijden!$A$1:$IV$65536,13,FALSE) -> H11X24 | F50: =IF($D50="Bedrukte folie 470x300",1,0) -> 0 | G50: =VLOOKUP($A50,[1]maaltijden!$A$1:$IV$65536,27,FALSE) -> ! ! ! ! | H50: =VLOOKUP($A50,[1]maaltijden!$A$1:$IV$65536,21,FALSE) -> 2 | I50: =VLOOKUP($A50,[1]maaltijden!$A$1:$IV$65536,21,FALSE) -> 2 | J50: =VLOOKUP($A50,[1]maaltijden!$A$1:$IV$65536,18,FALSE) -> 2 | K50: =VLOOKUP($A50,[1]maaltijden!$A$1:$IV$65536,17,FALSE) -> 2 | L50: =VLOOKUP($A50,[1]maaltijden!$A$1:$IV$65536,20,FALSE) -> 3500 | M50: =VLOOKUP($A50,[1]maaltijden!$A$1:$IV$65536,22,FALSE) -> 3500 | N50: 0 | O50: 0 | P50: 1 | Q50: 2 | R50: 0 | S50: 1 | T50: 1 | U50: 1 | V50: 1 | W50: 1 | X50: 1 | Y50: 1 | Z50: 0 | AA50: 0 | AB50: 0 | AC50: 0 | AD50: 0 | AE50: 0 | AF50: 0 | AG50: 0 | AH50: 1 | AI50: 0 | AJ50: 0 | AK50: 0 | AL50: 0 | AM50: 0 | AN50: =IFERROR(INDEX([2]lijnopstellingsfiche!$AP$1:$AP$65536,MATCH(A50,[2]lijnopstellingsfiche!$AQ$1:$AQ$65536,0)),"") -> - | AO50: 0 | AP50: 0 | AQ50: 2 | AR50: 0 | AS50: 1 | AT50: 0 | AU50: 0 | AV50: 0 | AW50: 1 | AX50: 0 | AY50: 1 | AZ50: 1 | BA50: 0 | BB50: 0 | BC50: 0 | BD50: =VLOOKUP($A50,'[3]allergenen 6nr'!$A$1:$O$1310,3,FALSE) -> - | BE50: =VLOOKUP($A50,'[3]allergenen 6nr'!$A$1:$O$1310,4,FALSE) -> - | BF50: =VLOOKUP($A50,'[3]allergenen 6nr'!$A$1:$O$1310,5,FALSE) -> + | BG50: =VLOOKUP($A50,'[3]allergenen 6nr'!$A$1:$O$1310,6,FALSE) -> X | BH50: =VLOOKUP($A50,'[3]allergenen 6nr'!$A$1:$O$1310,7,FALSE) -> + | BI50: =VLOOKUP($A50,'[3]allergenen 6nr'!$A$1:$O$1310,8,FALSE) -> X | BJ50: =VLOOKUP($A50,'[3]allergenen 6nr'!$A$1:$O$1310,9,FALSE) -> - | BK50: =VLOOKUP($A50,'[3]allergenen 6nr'!$A$1:$O$1310,10,FALSE) -> X | BL50: =VLOOKUP($A50,'[3]allergenen 6nr'!$A$1:$O$1310,11,FALSE) -> + | BM50: =VLOOKUP($A50,'[3]allergenen 6nr'!$A$1:$O$1310,12,FALSE) -> - | BN50: =VLOOKUP($A50,'[3]allergenen 6nr'!$A$1:$O$1310,13,FALSE) -> X | BO50: =VLOOKUP($A50,'[3]allergenen 6nr'!$A$1:$O$1310,14,FALSE) -> + | BP50: =VLOOKUP($A50,'[3]allergenen 6nr'!$A$1:$O$1310,15,FALSE) -> X
A51: 63110300 | B51: =VLOOKUP($A51,[1]maaltijden!$A$1:$IV$65536,4,FALSE) -> ALDI BE VISPAN MSC ASC WITTE WIJNSAUS 300G (MIXED) | C51: =VLOOKUP($A51,[1]maaltijden!$A$1:$IV$65536,7,FALSE) -> C2187-1F | D51: =VLOOKUP($A51,[1]maaltijden!$A$1:$IV$65536,10,FALSE) -> H11 | E51: =VLOOKUP($A51,[1]maaltijden!$A$1:$IV$65536,13,FALSE) -> H11X24 | F51: =IF($D51="Bedrukte folie 470x300",1,0) -> 0 | G51: =VLOOKUP($A51,[1]maaltijden!$A$1:$IV$65536,27,FALSE) -> ! ! ! ! | H51: =VLOOKUP($A51,[1]maaltijden!$A$1:$IV$65536,21,FALSE) -> 7 | I51: =VLOOKUP($A51,[1]maaltijden!$A$1:$IV$65536,21,FALSE) -> 7 | J51: =VLOOKUP($A51,[1]maaltijden!$A$1:$IV$65536,18,FALSE) -> 2 | K51: =VLOOKUP($A51,[1]maaltijden!$A$1:$IV$65536,17,FALSE) -> 2 | L51: =VLOOKUP($A51,[1]maaltijden!$A$1:$IV$65536,20,FALSE) -> 3500 | M51: =VLOOKUP($A51,[1]maaltijden!$A$1:$IV$65536,22,FALSE) -> 3500 | N51: 0 | O51: 0 | P51: 1 | Q51: 2 | R51: 0 | S51: 1 | T51: 1 | U51: 1 | V51: 1 | W51: 1 | X51: 1 | Y51: 1 | Z51: 0 | AA51: 0 | AB51: 0 | AC51: 0 | AD51: 0 | AE51: 0 | AF51: 0 | AG51: 0 | AH51: 1 | AI51: 0 | AJ51: 0 | AK51: 0 | AL51: 0 | AM51: 0 | AN51: =IFERROR(INDEX([2]lijnopstellingsfiche!$AP$1:$AP$65536,MATCH(A51,[2]lijnopstellingsfiche!$AQ$1:$AQ$65536,0)),"") -> - | AO51: 0 | AP51: 0 | AQ51: 2 | AR51: 0 | AS51: 1 | AT51: 0 | AU51: 0 | AV51: 0 | AW51: 1 | AX51: 0 | AY51: 1 | AZ51: 1 | BA51: 0 | BB51: 0 | BC51: 0 | BD51: =VLOOKUP($A51,'[3]allergenen 6nr'!$A$1:$O$1310,3,FALSE) -> - | BE51: =VLOOKUP($A51,'[3]allergenen 6nr'!$A$1:$O$1310,4,FALSE) -> - | BF51: =VLOOKUP($A51,'[3]allergenen 6nr'!$A$1:$O$1310,5,FALSE) -> + | BG51: =VLOOKUP($A51,'[3]allergenen 6nr'!$A$1:$O$1310,6,FALSE) -> X | BH51: =VLOOKUP($A51,'[3]allergenen 6nr'!$A$1:$O$1310,7,FALSE) -> + | BI51: =VLOOKUP($A51,'[3]allergenen 6nr'!$A$1:$O$1310,8,FALSE) -> X | BJ51: =VLOOKUP($A51,'[3]allergenen 6nr'!$A$1:$O$1310,9,FALSE) -> - | BK51: =VLOOKUP($A51,'[3]allergenen 6nr'!$A$1:$O$1310,10,FALSE) -> + | BL51: =VLOOKUP($A51,'[3]allergenen 6nr'!$A$1:$O$1310,11,FALSE) -> + | BM51: =VLOOKUP($A51,'[3]allergenen 6nr'!$A$1:$O$1310,12,FALSE) -> - | BN51: =VLOOKUP($A51,'[3]allergenen 6nr'!$A$1:$O$1310,13,FALSE) -> X | BO51: =VLOOKUP($A51,'[3]allergenen 6nr'!$A$1:$O$1310,14,FALSE) -> + | BP51: =VLOOKUP($A51,'[3]allergenen 6nr'!$A$1:$O$1310,15,FALSE) -> +
A52: 63110700 | B52: =VLOOKUP($A52,[1]maaltijden!$A$1:$IV$65536,4,FALSE) -> ALDI BE SCAMPI ASC LOOKSAUS 250G (MIXED) | C52: =VLOOKUP($A52,[1]maaltijden!$A$1:$IV$65536,7,FALSE) -> C2187-1F | D52: =VLOOKUP($A52,[1]maaltijden!$A$1:$IV$65536,10,FALSE) -> H11 | E52: =VLOOKUP($A52,[1]maaltijden!$A$1:$IV$65536,13,FALSE) -> H11x10 | F52: =IF($D52="Bedrukte folie 470x300",1,0) -> 0 | G52: =VLOOKUP($A52,[1]maaltijden!$A$1:$IV$65536,27,FALSE) -> ! ! ! ! | H52: =VLOOKUP($A52,[1]maaltijden!$A$1:$IV$65536,21,FALSE) -> 2 | I52: =VLOOKUP($A52,[1]maaltijden!$A$1:$IV$65536,21,FALSE) -> 2 | J52: =VLOOKUP($A52,[1]maaltijden!$A$1:$IV$65536,18,FALSE) -> 2 | K52: =VLOOKUP($A52,[1]maaltijden!$A$1:$IV$65536,17,FALSE) -> 1 | L52: =VLOOKUP($A52,[1]maaltijden!$A$1:$IV$65536,20,FALSE) -> 3500 | M52: =VLOOKUP($A52,[1]maaltijden!$A$1:$IV$65536,22,FALSE) -> 3500 | N52: 0 | O52: 0 | P52: 1 | Q52: 2 | R52: 0 | S52: 1 | T52: 1 | U52: 1 | V52: 1 | W52: 1 | X52: 1 | Y52: 1 | Z52: 0 | AA52: 0 | AB52: 0 | AC52: 0 | AD52: 0 | AE52: 0 | AF52: 0 | AG52: 0 | AH52: 1 | AI52: 0 | AJ52: 0 | AK52: 0 | AL52: 0 | AM52: 0 | AN52: =IFERROR(INDEX([2]lijnopstellingsfiche!$AP$1:$AP$65536,MATCH(A52,[2]lijnopstellingsfiche!$AQ$1:$AQ$65536,0)),"") -> 1 | AO52: 0 | AP52: 0 | AQ52: 2 | AR52: 0 | AS52: 1 | AT52: 0 | AU52: 0 | AV52: 0 | AW52: 1 | AX52: 0 | AY52: 1 | AZ52: 1 | BA52: 0 | BB52: 0 | BC52: 0 | BD52: =VLOOKUP($A52,'[3]allergenen 6nr'!$A$1:$O$1310,3,FALSE) -> - | BE52: =VLOOKUP($A52,'[3]allergenen 6nr'!$A$1:$O$1310,4,FALSE) -> - | BF52: =VLOOKUP($A52,'[3]allergenen 6nr'!$A$1:$O$1310,5,FALSE) -> - | BG52: =VLOOKUP($A52,'[3]allergenen 6nr'!$A$1:$O$1310,6,FALSE) -> - | BH52: =VLOOKUP($A52,'[3]allergenen 6nr'!$A$1:$O$1310,7,FALSE) -> + | BI52: =VLOOKUP($A52,'[3]allergenen 6nr'!$A$1:$O$1310,8,FALSE) -> - | BJ52: =VLOOKUP($A52,'[3]allergenen 6nr'!$A$1:$O$1310,9,FALSE) -> - | BK52: =VLOOKUP($A52,'[3]allergenen 6nr'!$A$1:$O$1310,10,FALSE) -> + | BL52: =VLOOKUP($A52,'[3]allergenen 6nr'!$A$1:$O$1310,11,FALSE) -> + | BM52: =VLOOKUP($A52,'[3]allergenen 6nr'!$A$1:$O$1310,12,FALSE) -> - | BN52: =VLOOKUP($A52,'[3]allergenen 6nr'!$A$1:$O$1310,13,FALSE) -> - | BO52: =VLOOKUP($A52,'[3]allergenen 6nr'!$A$1:$O$1310,14,FALSE) -> - | BP52: =VLOOKUP($A52,'[3]allergenen 6nr'!$A$1:$O$1310,15,FALSE) -> -
A53: 63110800 | B53: =VLOOKUP($A53,[1]maaltijden!$A$1:$IV$65536,4,FALSE) -> ALDI BE SCAMPI ASC DIABOLIQUE 250G (MIXED) | C53: =VLOOKUP($A53,[1]maaltijden!$A$1:$IV$65536,7,FALSE) -> C2187-1F | D53: =VLOOKUP($A53,[1]maaltijden!$A$1:$IV$65536,10,FALSE) -> H11 | E53: =VLOOKUP($A53,[1]maaltijden!$A$1:$IV$65536,13,FALSE) -> H11x10 | F53: =IF($D53="Bedrukte folie 470x300",1,0) -> 0 | G53: =VLOOKUP($A53,[1]maaltijden!$A$1:$IV$65536,27,FALSE) -> ! ! ! ! | H53: =VLOOKUP($A53,[1]maaltijden!$A$1:$IV$65536,21,FALSE) -> 2 | I53: =VLOOKUP($A53,[1]maaltijden!$A$1:$IV$65536,21,FALSE) -> 2 | J53: =VLOOKUP($A53,[1]maaltijden!$A$1:$IV$65536,18,FALSE) -> 2 | K53: =VLOOKUP($A53,[1]maaltijden!$A$1:$IV$65536,17,FALSE) -> 1 | L53: =VLOOKUP($A53,[1]maaltijden!$A$1:$IV$65536,20,FALSE) -> 3500 | M53: =VLOOKUP($A53,[1]maaltijden!$A$1:$IV$65536,22,FALSE) -> 3500 | N53: 0 | O53: 0 | P53: 1 | Q53: 2 | R53: 0 | S53: 1 | T53: 1 | U53: 1 | V53: 1 | W53: 1 | X53: 1 | Y53: 1 | Z53: 0 | AA53: 0 | AB53: 0 | AC53: 0 | AD53: 0 | AE53: 0 | AF53: 0 | AG53: 0 | AH53: 1 | AI53: 0 | AJ53: 0 | AK53: 0 | AL53: 0 | AM53: 0 | AN53: =IFERROR(INDEX([2]lijnopstellingsfiche!$AP$1:$AP$65536,MATCH(A53,[2]lijnopstellingsfiche!$AQ$1:$AQ$65536,0)),"") -> 1 | AO53: 0 | AP53: 0 | AQ53: 2 | AR53: 0 | AS53: 1 | AT53: 0 | AU53: 0 | AV53: 0 | AW53: 1 | AX53: 0 | AY53: 1 | AZ53: 1 | BA53: 0 | BB53: 0 | BC53: 0 | BD53: =VLOOKUP($A53,'[3]allergenen 6nr'!$A$1:$O$1310,3,FALSE) -> - | BE53: =VLOOKUP($A53,'[3]allergenen 6nr'!$A$1:$O$1310,4,FALSE) -> - | BF53: =VLOOKUP($A53,'[3]allergenen 6nr'!$A$1:$O$1310,5,FALSE) -> + | BG53: =VLOOKUP($A53,'[3]allergenen 6nr'!$A$1:$O$1310,6,FALSE) -> - | BH53: =VLOOKUP($A53,'[3]allergenen 6nr'!$A$1:$O$1310,7,FALSE) -> + | BI53: =VLOOKUP($A53,'[3]allergenen 6nr'!$A$1:$O$1310,8,FALSE) -> - | BJ53: =VLOOKUP($A53,'[3]allergenen 6nr'!$A$1:$O$1310,9,FALSE) -> - | BK53: =VLOOKUP($A53,'[3]allergenen 6nr'!$A$1:$O$1310,10,FALSE) -> + | BL53: =VLOOKUP($A53,'[3]allergenen 6nr'!$A$1:$O$1310,11,FALSE) -> + | BM53: =VLOOKUP($A53,'[3]allergenen 6nr'!$A$1:$O$1310,12,FALSE) -> - | BN53: =VLOOKUP($A53,'[3]allergenen 6nr'!$A$1:$O$1310,13,FALSE) -> - | BO53: =VLOOKUP($A53,'[3]allergenen 6nr'!$A$1:$O$1310,14,FALSE) -> + | BP53: =VLOOKUP($A53,'[3]allergenen 6nr'!$A$1:$O$1310,15,FALSE) -> +
A54: 63110900 | B54: =VLOOKUP($A54,[1]maaltijden!$A$1:$IV$65536,4,FALSE) -> ALDI BE VISPAN MSC ASC MOSTERD (MIXED) | C54: =VLOOKUP($A54,[1]maaltijden!$A$1:$IV$65536,7,FALSE) -> C2187-1F | D54: =VLOOKUP($A54,[1]maaltijden!$A$1:$IV$65536,10,FALSE) -> H11 | E54: =VLOOKUP($A54,[1]maaltijden!$A$1:$IV$65536,13,FALSE) -> H11X24 | F54: =IF($D54="Bedrukte folie 470x300",1,0) -> 0 | G54: =VLOOKUP($A54,[1]maaltijden!$A$1:$IV$65536,27,FALSE) -> ! ! ! ! | H54: =VLOOKUP($A54,[1]maaltijden!$A$1:$IV$65536,21,FALSE) -> 5 | I54: =VLOOKUP($A54,[1]maaltijden!$A$1:$IV$65536,21,FALSE) -> 5 | J54: =VLOOKUP($A54,[1]maaltijden!$A$1:$IV$65536,18,FALSE) -> 2 | K54: =VLOOKUP($A54,[1]maaltijden!$A$1:$IV$65536,17,FALSE) -> 1 | L54: =VLOOKUP($A54,[1]maaltijden!$A$1:$IV$65536,20,FALSE) -> 3500 | M54: =VLOOKUP($A54,[1]maaltijden!$A$1:$IV$65536,22,FALSE) -> 3500 | N54: 0 | O54: 0 | P54: 1 | Q54: 2 | R54: 0 | S54: 1 | T54: 1 | U54: 1 | V54: 1 | W54: 1 | X54: 1 | Y54: 1 | Z54: 0 | AA54: 0 | AB54: 0 | AC54: 0 | AD54: 0 | AE54: 0 | AF54: 0 | AG54: 0 | AH54: 1 | AI54: 0 | AJ54: 0 | AK54: 0 | AL54: 0 | AM54: 0 | AN54: =IFERROR(INDEX([2]lijnopstellingsfiche!$AP$1:$AP$65536,MATCH(A54,[2]lijnopstellingsfiche!$AQ$1:$AQ$65536,0)),"") -> 1 | AO54: 0 | AP54: 0 | AQ54: 2 | AR54: 0 | AS54: 1 | AT54: 0 | AU54: 0 | AV54: 0 | AW54: 1 | AX54: 0 | AY54: 1 | AZ54: 1 | BA54: 0 | BB54: 0 | BC54: 0 | BD54: =VLOOKUP($A54,'[3]allergenen 6nr'!$A$1:$O$1310,3,FALSE) -> - | BE54: =VLOOKUP($A54,'[3]allergenen 6nr'!$A$1:$O$1310,4,FALSE) -> - | BF54: =VLOOKUP($A54,'[3]allergenen 6nr'!$A$1:$O$1310,5,FALSE) -> + | BG54: =VLOOKUP($A54,'[3]allergenen 6nr'!$A$1:$O$1310,6,FALSE) -> X | BH54: =VLOOKUP($A54,'[3]allergenen 6nr'!$A$1:$O$1310,7,FALSE) -> + | BI54: =VLOOKUP($A54,'[3]allergenen 6nr'!$A$1:$O$1310,8,FALSE) -> + | BJ54: =VLOOKUP($A54,'[3]allergenen 6nr'!$A$1:$O$1310,9,FALSE) -> - | BK54: =VLOOKUP($A54,'[3]allergenen 6nr'!$A$1:$O$1310,10,FALSE) -> X | BL54: =VLOOKUP($A54,'[3]allergenen 6nr'!$A$1:$O$1310,11,FALSE) -> + | BM54: =VLOOKUP($A54,'[3]allergenen 6nr'!$A$1:$O$1310,12,FALSE) -> - | BN54: =VLOOKUP($A54,'[3]allergenen 6nr'!$A$1:$O$1310,13,FALSE) -> X | BO54: =VLOOKUP($A54,'[3]allergenen 6nr'!$A$1:$O$1310,14,FALSE) -> + | BP54: =VLOOKUP($A54,'[3]allergenen 6nr'!$A$1:$O$1310,15,FALSE) -> +
A55: 63140000 | B55: =VLOOKUP($A55,[1]maaltijden!$A$1:$IV$65536,4,FALSE) -> COLR RUNDSTONG MADEIRASAUS 400G | C55: =VLOOKUP($A55,[1]maaltijden!$A$1:$IV$65536,7,FALSE) -> C2187-1F | D55: =VLOOKUP($A55,[1]maaltijden!$A$1:$IV$65536,10,FALSE) -> H11 | E55: =VLOOKUP($A55,[1]maaltijden!$A$1:$IV$65536,13,FALSE) -> H11X10 | F55: =IF($D55="Bedrukte folie 470x300",1,0) -> 0 | G55: =VLOOKUP($A55,[1]maaltijden!$A$1:$IV$65536,27,FALSE) -> ! ! ! | H55: =VLOOKUP($A55,[1]maaltijden!$A$1:$IV$65536,21,FALSE) -> 11 | I55: =VLOOKUP($A55,[1]maaltijden!$A$1:$IV$65536,21,FALSE) -> 11 | J55: =VLOOKUP($A55,[1]maaltijden!$A$1:$IV$65536,18,FALSE) -> 2 | K55: =VLOOKUP($A55,[1]maaltijden!$A$1:$IV$65536,17,FALSE) -> 1.5 | L55: =VLOOKUP($A55,[1]maaltijden!$A$1:$IV$65536,20,FALSE) -> 3500 | M55: =VLOOKUP($A55,[1]maaltijden!$A$1:$IV$65536,22,FALSE) -> 3500 | N55: 0 | O55: 0 | P55: 1 | Q55: 2 | R55: 0 | S55: 1 | T55: 1 | U55: 0 | V55: 1 | W55: 1 | X55: 1 | Y55: 1 | Z55: 1 | AA55: 1 | AB55: 1 | AC55: 0 | AD55: 0 | AE55: 1 | AF55: 0 | AG55: 0 | AH55: 0 | AI55: 2 | AJ55: 0 | AK55: 0 | AL55: 0 | AM55: 0 | AN55: =IFERROR(INDEX([2]lijnopstellingsfiche!$AP$1:$AP$65536,MATCH(A55,[2]lijnopstellingsfiche!$AQ$1:$AQ$65536,0)),"") -> 9 | AO55: 0 | AP55: 0 | AQ55: 2 | AR55: 0 | AS55: 0 | AT55: 0 | AU55: 0 | AV55: 0 | AW55: 1 | AX55: 0 | AY55: 1 | AZ55: 1 | BA55: 0 | BB55: 0 | BC55: 0 | BD55: =VLOOKUP($A55,'[3]allergenen 6nr'!$A$1:$O$1310,3,FALSE) -> - | BE55: =VLOOKUP($A55,'[3]allergenen 6nr'!$A$1:$O$1310,4,FALSE) -> - | BF55: =VLOOKUP($A55,'[3]allergenen 6nr'!$A$1:$O$1310,5,FALSE) -> + | BG55: =VLOOKUP($A55,'[3]allergenen 6nr'!$A$1:$O$1310,6,FALSE) -> - | BH55: =VLOOKUP($A55,'[3]allergenen 6nr'!$A$1:$O$1310,7,FALSE) -> - | BI55: =VLOOKUP($A55,'[3]allergenen 6nr'!$A$1:$O$1310,8,FALSE) -> - | BJ55: =VLOOKUP($A55,'[3]allergenen 6nr'!$A$1:$O$1310,9,FALSE) -> - | BK55: =VLOOKUP($A55,'[3]allergenen 6nr'!$A$1:$O$1310,10,FALSE) -> - | BL55: =VLOOKUP($A55,'[3]allergenen 6nr'!$A$1:$O$1310,11,FALSE) -> + | BM55: =VLOOKUP($A55,'[3]allergenen 6nr'!$A$1:$O$1310,12,FALSE) -> - | BN55: =VLOOKUP($A55,'[3]allergenen 6nr'!$A$1:$O$1310,13,FALSE) -> - | BO55: =VLOOKUP($A55,'[3]allergenen 6nr'!$A$1:$O$1310,14,FALSE) -> - | BP55: =VLOOKUP($A55,'[3]allergenen 6nr'!$A$1:$O$1310,15,FALSE) -> -
A56: 63140100 | B56: =VLOOKUP($A56,[1]maaltijden!$A$1:$IV$65536,4,FALSE) -> COLR MACARONI HAM KAAS 500G | C56: =VLOOKUP($A56,[1]maaltijden!$A$1:$IV$65536,7,FALSE) -> C2187-1F | D56: =VLOOKUP($A56,[1]maaltijden!$A$1:$IV$65536,10,FALSE) -> H11 | E56: =VLOOKUP($A56,[1]maaltijden!$A$1:$IV$65536,13,FALSE) -> H11X10 | F56: =IF($D56="Bedrukte folie 470x300",1,0) -> 0 | G56: =VLOOKUP($A56,[1]maaltijden!$A$1:$IV$65536,27,FALSE) -> ! ! ! | H56: =VLOOKUP($A56,[1]maaltijden!$A$1:$IV$65536,21,FALSE) -> 2 | I56: =VLOOKUP($A56,[1]maaltijden!$A$1:$IV$65536,21,FALSE) -> 2 | J56: =VLOOKUP($A56,[1]maaltijden!$A$1:$IV$65536,18,FALSE) -> 2 | K56: =VLOOKUP($A56,[1]maaltijden!$A$1:$IV$65536,17,FALSE) -> 2.5 | L56: =VLOOKUP($A56,[1]maaltijden!$A$1:$IV$65536,20,FALSE) -> 3500 | M56: =VLOOKUP($A56,[1]maaltijden!$A$1:$IV$65536,22,FALSE) -> 3500 | N56: 0 | O56: 0 | P56: 1 | Q56: 2 | R56: 0 | S56: 1 | T56: 1 | U56: 1 | V56: 1 | W56: 1 | X56: 1 | Y56: 1 | Z56: 0 | AA56: 0 | AB56: 0 | AC56: 0 | AD56: 0 | AE56: 0 | AF56: 0 | AG56: 1 | AH56: 2 | AI56: 0 | AJ56: 0 | AK56: 0 | AL56: 0 | AM56: 1 | AN56: =IFERROR(INDEX([2]lijnopstellingsfiche!$AP$1:$AP$65536,MATCH(A56,[2]lijnopstellingsfiche!$AQ$1:$AQ$65536,0)),"") -> - | AO56: 0 | AP56: 1 | AQ56: 2 | AR56: 0 | AS56: 0 | AT56: 0 | AU56: 0 | AV56: 0 | AW56: 1 | AX56: 0 | AY56: 1 | AZ56: 1 | BA56: 0 | BB56: 0 | BC56: 0 | BD56: =VLOOKUP($A56,'[3]allergenen 6nr'!$A$1:$O$1310,3,FALSE) -> - | BE56: =VLOOKUP($A56,'[3]allergenen 6nr'!$A$1:$O$1310,4,FALSE) -> X | BF56: =VLOOKUP($A56,'[3]allergenen 6nr'!$A$1:$O$1310,5,FALSE) -> + | BG56: =VLOOKUP($A56,'[3]allergenen 6nr'!$A$1:$O$1310,6,FALSE) -> X | BH56: =VLOOKUP($A56,'[3]allergenen 6nr'!$A$1:$O$1310,7,FALSE) -> + | BI56: =VLOOKUP($A56,'[3]allergenen 6nr'!$A$1:$O$1310,8,FALSE) -> X | BJ56: =VLOOKUP($A56,'[3]allergenen 6nr'!$A$1:$O$1310,9,FALSE) -> - | BK56: =VLOOKUP($A56,'[3]allergenen 6nr'!$A$1:$O$1310,10,FALSE) -> - | BL56: =VLOOKUP($A56,'[3]allergenen 6nr'!$A$1:$O$1310,11,FALSE) -> + | BM56: =VLOOKUP($A56,'[3]allergenen 6nr'!$A$1:$O$1310,12,FALSE) -> - | BN56: =VLOOKUP($A56,'[3]allergenen 6nr'!$A$1:$O$1310,13,FALSE) -> X | BO56: =VLOOKUP($A56,'[3]allergenen 6nr'!$A$1:$O$1310,14,FALSE) -> - | BP56: =VLOOKUP($A56,'[3]allergenen 6nr'!$A$1:$O$1310,15,FALSE) -> -
A57: 63140400 | B57: =VLOOKUP($A57,[1]maaltijden!$A$1:$IV$65536,4,FALSE) -> COLR PALING IN 'T GROEN 400G | C57: =VLOOKUP($A57,[1]maaltijden!$A$1:$IV$65536,7,FALSE) -> C2187-1F | D57: =VLOOKUP($A57,[1]maaltijden!$A$1:$IV$65536,10,FALSE) -> H11 | E57: =VLOOKUP($A57,[1]maaltijden!$A$1:$IV$65536,13,FALSE) -> H11X10 | F57: =IF($D57="Bedrukte folie 470x300",1,0) -> 0 | G57: =VLOOKUP($A57,[1]maaltijden!$A$1:$IV$65536,27,FALSE) -> ! ! ! ! | H57: =VLOOKUP($A57,[1]maaltijden!$A$1:$IV$65536,21,FALSE) -> 9 | I57: =VLOOKUP($A57,[1]maaltijden!$A$1:$IV$65536,21,FALSE) -> 9 | J57: =VLOOKUP($A57,[1]maaltijden!$A$1:$IV$65536,18,FALSE) -> 2 | K57: =VLOOKUP($A57,[1]maaltijden!$A$1:$IV$65536,17,FALSE) -> 1 | L57: =VLOOKUP($A57,[1]maaltijden!$A$1:$IV$65536,20,FALSE) -> 2700 | M57: =VLOOKUP($A57,[1]maaltijden!$A$1:$IV$65536,22,FALSE) -> 2700 | N57: 0 | O57: 0 | P57: 1 | Q57: 2 | R57: 0 | S57: 1 | T57: 0 | U57: 0 | V57: 0 | W57: 1 | X57: 1 | Y57: 1 | Z57: 1 | AA57: 1 | AB57: 0 | AC57: 0 | AD57: 0 | AE57: 1 | AF57: 0 | AG57: 0 | AH57: 0 | AI57: 1 | AJ57: 0 | AK57: 0 | AL57: 0 | AM57: 0 | AN57: =IFERROR(INDEX([2]lijnopstellingsfiche!$AP$1:$AP$65536,MATCH(A57,[2]lijnopstellingsfiche!$AQ$1:$AQ$65536,0)),"") -> 8 | AO57: 0 | AP57: 0 | AQ57: 2 | AR57: 0 | AS57: 0 | AT57: 0 | AU57: 0 | AV57: 0 | AW57: 1 | AX57: 0 | AY57: 1 | AZ57: 1 | BA57: 0 | BB57: 0 | BC57: 0 | BD57: =VLOOKUP($A57,'[3]allergenen 6nr'!$A$1:$O$1310,3,FALSE) -> - | BE57: =VLOOKUP($A57,'[3]allergenen 6nr'!$A$1:$O$1310,4,FALSE) -> - | BF57: =VLOOKUP($A57,'[3]allergenen 6nr'!$A$1:$O$1310,5,FALSE) -> - | BG57: =VLOOKUP($A57,'[3]allergenen 6nr'!$A$1:$O$1310,6,FALSE) -> - | BH57: =VLOOKUP($A57,'[3]allergenen 6nr'!$A$1:$O$1310,7,FALSE) -> + | BI57: =VLOOKUP($A57,'[3]allergenen 6nr'!$A$1:$O$1310,8,FALSE) -> - | BJ57: =VLOOKUP($A57,'[3]allergenen 6nr'!$A$1:$O$1310,9,FALSE) -> - | BK57: =VLOOKUP($A57,'[3]allergenen 6nr'!$A$1:$O$1310,10,FALSE) -> X | BL57: =VLOOKUP($A57,'[3]allergenen 6nr'!$A$1:$O$1310,11,FALSE) -> - | BM57: =VLOOKUP($A57,'[3]allergenen 6nr'!$A$1:$O$1310,12,FALSE) -> - | BN57: =VLOOKUP($A57,'[3]allergenen 6nr'!$A$1:$O$1310,13,FALSE) -> - | BO57: =VLOOKUP($A57,'[3]allergenen 6nr'!$A$1:$O$1310,14,FALSE) -> + | BP57: =VLOOKUP($A57,'[3]allergenen 6nr'!$A$1:$O$1310,15,FALSE) -> X
A58: 63141400 | B58: =VLOOKUP($A58,[1]maaltijden!$A$1:$IV$65536,4,FALSE) -> COLR VISPANNETJE LANGOUSTINESAUS 300G | C58: =VLOOKUP($A58,[1]maaltijden!$A$1:$IV$65536,7,FALSE) -> C2187-1F | D58: =VLOOKUP($A58,[1]maaltijden!$A$1:$IV$65536,10,FALSE) -> H11 | E58: =VLOOKUP($A58,[1]maaltijden!$A$1:$IV$65536,13,FALSE) -> H11X10 | F58: =IF($D58="Bedrukte folie 470x300",1,0) -> 0 | G58: =VLOOKUP($A58,[1]maaltijden!$A$1:$IV$65536,27,FALSE) -> ! ! ! ! | H58: =VLOOKUP($A58,[1]maaltijden!$A$1:$IV$65536,21,FALSE) -> 6 | I58: =VLOOKUP($A58,[1]maaltijden!$A$1:$IV$65536,21,FALSE) -> 6 | J58: =VLOOKUP($A58,[1]maaltijden!$A$1:$IV$65536,18,FALSE) -> 2 | K58: =VLOOKUP($A58,[1]maaltijden!$A$1:$IV$65536,17,FALSE) -> 1 | L58: =VLOOKUP($A58,[1]maaltijden!$A$1:$IV$65536,20,FALSE) -> 3200 | M58: =VLOOKUP($A58,[1]maaltijden!$A$1:$IV$65536,22,FALSE) -> 3200 | N58: 0 | O58: 0 | P58: 1 | Q58: 2 | R58: 0 | S58: 1 | T58: 1 | U58: 1 | V58: 1 | W58: 1 | X58: 1 | Y58: 1 | Z58: 0 | AA58: 0 | AB58: 0 | AC58: 0 | AD58: 0 | AE58: 0 | AF58: 0 | AG58: 0 | AH58: 1 | AI58: 0 | AJ58: 0 | AK58: 0 | AL58: 0 | AM58: 0 | AN58: =IFERROR(INDEX([2]lijnopstellingsfiche!$AP$1:$AP$65536,MATCH(A58,[2]lijnopstellingsfiche!$AQ$1:$AQ$65536,0)),"") -> - | AO58: 0 | AP58: 0 | AQ58: 2 | AR58: 0 | AS58: 1 | AT58: 0 | AU58: 0 | AV58: 0 | AW58: 1 | AX58: 0 | AY58: 1 | AZ58: 1 | BA58: 0 | BB58: 0 | BC58: 1 | BD58: =VLOOKUP($A58,'[3]allergenen 6nr'!$A$1:$O$1310,3,FALSE) -> - | BE58: =VLOOKUP($A58,'[3]allergenen 6nr'!$A$1:$O$1310,4,FALSE) -> - | BF58: =VLOOKUP($A58,'[3]allergenen 6nr'!$A$1:$O$1310,5,FALSE) -> + | BG58: =VLOOKUP($A58,'[3]allergenen 6nr'!$A$1:$O$1310,6,FALSE) -> X | BH58: =VLOOKUP($A58,'[3]allergenen 6nr'!$A$1:$O$1310,7,FALSE) -> + | BI58: =VLOOKUP($A58,'[3]allergenen 6nr'!$A$1:$O$1310,8,FALSE) -> X | BJ58: =VLOOKUP($A58,'[3]allergenen 6nr'!$A$1:$O$1310,9,FALSE) -> - | BK58: =VLOOKUP($A58,'[3]allergenen 6nr'!$A$1:$O$1310,10,FALSE) -> + | BL58: =VLOOKUP($A58,'[3]allergenen 6nr'!$A$1:$O$1310,11,FALSE) -> + | BM58: =VLOOKUP($A58,'[3]allergenen 6nr'!$A$1:$O$1310,12,FALSE) -> - | BN58: =VLOOKUP($A58,'[3]allergenen 6nr'!$A$1:$O$1310,13,FALSE) -> X | BO58: =VLOOKUP($A58,'[3]allergenen 6nr'!$A$1:$O$1310,14,FALSE) -> + | BP58: =VLOOKUP($A58,'[3]allergenen 6nr'!$A$1:$O$1310,15,FALSE) -> X
A59: 63141500 | B59: =VLOOKUP($A59,[1]maaltijden!$A$1:$IV$65536,4,FALSE) -> COLR LASAGNE BOLOGNAISE CLASSIC 450G | C59: =VLOOKUP($A59,[1]maaltijden!$A$1:$IV$65536,7,FALSE) -> C2187-1F | D59: =VLOOKUP($A59,[1]maaltijden!$A$1:$IV$65536,10,FALSE) -> H11 | E59: =VLOOKUP($A59,[1]maaltijden!$A$1:$IV$65536,13,FALSE) -> H11X10 | F59: =IF($D59="Bedrukte folie 470x300",1,0) -> 0 | G59: =VLOOKUP($A59,[1]maaltijden!$A$1:$IV$65536,27,FALSE) -> ! ! ! | H59: =VLOOKUP($A59,[1]maaltijden!$A$1:$IV$65536,21,FALSE) -> 6 | I59: =VLOOKUP($A59,[1]maaltijden!$A$1:$IV$65536,21,FALSE) -> 6 | J59: =VLOOKUP($A59,[1]maaltijden!$A$1:$IV$65536,18,FALSE) -> 2 | K59: =VLOOKUP($A59,[1]maaltijden!$A$1:$IV$65536,17,FALSE) -> 2 | L59: =VLOOKUP($A59,[1]maaltijden!$A$1:$IV$65536,20,FALSE) -> 2500 | M59: =VLOOKUP($A59,[1]maaltijden!$A$1:$IV$65536,22,FALSE) -> 2500 | N59: 0 | O59: 0 | P59: 1 | Q59: 2 | R59: 0 | S59: 1 | T59: 1 | U59: 0 | V59: 1 | W59: 1 | X59: 1 | Y59: 1 | Z59: 0 | AA59: 0 | AB59: 1 | AC59: 0 | AD59: 0 | AE59: 1 | AF59: 0 | AG59: 0 | AH59: 2 | AI59: 0 | AJ59: 0 | AK59: 0 | AL59: 0 | AM59: 0 | AN59: =IFERROR(INDEX([2]lijnopstellingsfiche!$AP$1:$AP$65536,MATCH(A59,[2]lijnopstellingsfiche!$AQ$1:$AQ$65536,0)),"") -> - | AO59: 0 | AP59: 1 | AQ59: 4 | AR59: 0 | AS59: 0 | AT59: 0 | AU59: 0 | AV59: 0 | AW59: 1 | AX59: 0 | AY59: 1 | AZ59: 1 | BA59: 0 | BB59: 0 | BC59: 0 | BD59: =VLOOKUP($A59,'[3]allergenen 6nr'!$A$1:$O$1310,3,FALSE) -> - | BE59: =VLOOKUP($A59,'[3]allergenen 6nr'!$A$1:$O$1310,4,FALSE) -> + | BF59: =VLOOKUP($A59,'[3]allergenen 6nr'!$A$1:$O$1310,5,FALSE) -> + | BG59: =VLOOKUP($A59,'[3]allergenen 6nr'!$A$1:$O$1310,6,FALSE) -> X | BH59: =VLOOKUP($A59,'[3]allergenen 6nr'!$A$1:$O$1310,7,FALSE) -> + | BI59: =VLOOKUP($A59,'[3]allergenen 6nr'!$A$1:$O$1310,8,FALSE) -> X | BJ59: =VLOOKUP($A59,'[3]allergenen 6nr'!$A$1:$O$1310,9,FALSE) -> - | BK59: =VLOOKUP($A59,'[3]allergenen 6nr'!$A$1:$O$1310,10,FALSE) -> - | BL59: =VLOOKUP($A59,'[3]allergenen 6nr'!$A$1:$O$1310,11,FALSE) -> + | BM59: =VLOOKUP($A59,'[3]allergenen 6nr'!$A$1:$O$1310,12,FALSE) -> - | BN59: =VLOOKUP($A59,'[3]allergenen 6nr'!$A$1:$O$1310,13,FALSE) -> X | BO59: =VLOOKUP($A59,'[3]allergenen 6nr'!$A$1:$O$1310,14,FALSE) -> - | BP59: =VLOOKUP($A59,'[3]allergenen 6nr'!$A$1:$O$1310,15,FALSE) -> X
A60: 63150000 | B60: =VLOOKUP($A60,[1]maaltijden!$A$1:$IV$65536,4,FALSE) -> LIDL BE AARDAPPELGRATIN 450G | C60: =VLOOKUP($A60,[1]maaltijden!$A$1:$IV$65536,7,FALSE) -> C2187-1F | D60: =VLOOKUP($A60,[1]maaltijden!$A$1:$IV$65536,10,FALSE) -> H11 | E60: =VLOOKUP($A60,[1]maaltijden!$A$1:$IV$65536,13,FALSE) -> H11X10 | F60: =IF($D60="Bedrukte folie 470x300",1,0) -> 0 | G60: =VLOOKUP($A60,[1]maaltijden!$A$1:$IV$65536,27,FALSE) -> ! ! | H60: =VLOOKUP($A60,[1]maaltijden!$A$1:$IV$65536,21,FALSE) -> 3 | I60: =VLOOKUP($A60,[1]maaltijden!$A$1:$IV$65536,21,FALSE) -> 3 | J60: =VLOOKUP($A60,[1]maaltijden!$A$1:$IV$65536,18,FALSE) -> 2 | K60: =VLOOKUP($A60,[1]maaltijden!$A$1:$IV$65536,17,FALSE) -> 1 | L60: =VLOOKUP($A60,[1]maaltijden!$A$1:$IV$65536,20,FALSE) -> 3500 | M60: =VLOOKUP($A60,[1]maaltijden!$A$1:$IV$65536,22,FALSE) -> 3500 | N60: 0 | O60: 0 | P60: 1 | Q60: 2 | R60: 0 | S60: 1 | T60: 1 | U60: 1 | V60: 1 | W60: 1 | X60: 1 | Y60: 1 | Z60: 0 | AA60: 0 | AB60: 0 | AC60: 0 | AD60: 0 | AE60: 0 | AF60: 0 | AG60: 0 | AH60: 2 | AI60: 0 | AJ60: 0 | AK60: 0 | AL60: 0 | AM60: 0 | AN60: =IFERROR(INDEX([2]lijnopstellingsfiche!$AP$1:$AP$65536,MATCH(A60,[2]lijnopstellingsfiche!$AQ$1:$AQ$65536,0)),"") -> - | AO60: 0 | AP60: 1 | AQ60: 2 | AR60: 0 | AS60: 0 | AT60: 1 | AU60: 0 | AV60: 0 | AW60: 1 | AX60: 0 | AY60: 1 | AZ60: 1 | BA60: 0 | BB60: 0 | BC60: 0 | BD60: =VLOOKUP($A60,'[3]allergenen 6nr'!$A$1:$O$1310,3,FALSE) -> - | BE60: =VLOOKUP($A60,'[3]allergenen 6nr'!$A$1:$O$1310,4,FALSE) -> - | BF60: =VLOOKUP($A60,'[3]allergenen 6nr'!$A$1:$O$1310,5,FALSE) -> + | BG60: =VLOOKUP($A60,'[3]allergenen 6nr'!$A$1:$O$1310,6,FALSE) -> X | BH60: =VLOOKUP($A60,'[3]allergenen 6nr'!$A$1:$O$1310,7,FALSE) -> + | BI60: =VLOOKUP($A60,'[3]allergenen 6nr'!$A$1:$O$1310,8,FALSE) -> X | BJ60: =VLOOKUP($A60,'[3]allergenen 6nr'!$A$1:$O$1310,9,FALSE) -> - | BK60: =VLOOKUP($A60,'[3]allergenen 6nr'!$A$1:$O$1310,10,FALSE) -> - | BL60: =VLOOKUP($A60,'[3]allergenen 6nr'!$A$1:$O$1310,11,FALSE) -> - | BM60: =VLOOKUP($A60,'[3]allergenen 6nr'!$A$1:$O$1310,12,FALSE) -> - | BN60: =VLOOKUP($A60,'[3]allergenen 6nr'!$A$1:$O$1310,13,FALSE) -> X | BO60: =VLOOKUP($A60,'[3]allergenen 6nr'!$A$1:$O$1310,14,FALSE) -> - | BP60: =VLOOKUP($A60,'[3]allergenen 6nr'!$A$1:$O$1310,15,FALSE) -> -
A61: 63183700 | B61: =VLOOKUP($A61,[1]maaltijden!$A$1:$IV$65536,4,FALSE) -> BOF DE SPAGHETTI BOLOGNAISE 400G | C61: =VLOOKUP($A61,[1]maaltijden!$A$1:$IV$65536,7,FALSE) -> C2187-1F | D61: =VLOOKUP($A61,[1]maaltijden!$A$1:$IV$65536,10,FALSE) -> H11 | E61: =VLOOKUP($A61,[1]maaltijden!$A$1:$IV$65536,13,FALSE) -> H11X10 | F61: =IF($D61="Bedrukte folie 470x300",1,0) -> 0 | G61: =VLOOKUP($A61,[1]maaltijden!$A$1:$IV$65536,27,FALSE) -> ! ! ! | H61: =VLOOKUP($A61,[1]maaltijden!$A$1:$IV$65536,21,FALSE) -> 5 | I61: =VLOOKUP($A61,[1]maaltijden!$A$1:$IV$65536,21,FALSE) -> 5 | J61: =VLOOKUP($A61,[1]maaltijden!$A$1:$IV$65536,18,FALSE) -> 2 | K61: =VLOOKUP($A61,[1]maaltijden!$A$1:$IV$65536,17,FALSE) -> 2 | L61: =VLOOKUP($A61,[1]maaltijden!$A$1:$IV$65536,20,FALSE) -> 3500 | M61: =VLOOKUP($A61,[1]maaltijden!$A$1:$IV$65536,22,FALSE) -> 3500 | N61: Spaghetti : 21604400 | O61: 0 | P61: 1 | Q61: 2 | R61: 0 | S61: 1 | T61: 0 | U61: 0 | V61: 1 | W61: 1 | X61: 1 | Y61: 1 | Z61: 0 | AA61: 0 | AB61: 0 | AC61: 0 | AD61: 0 | AE61: 1 | AF61: 0 | AG61: 1 | AH61: 2 | AI61: 0 | AJ61: 0 | AK61: 0 | AL61: 0 | AM61: 1 | AN61: =IFERROR(INDEX([2]lijnopstellingsfiche!$AP$1:$AP$65536,MATCH(A61,[2]lijnopstellingsfiche!$AQ$1:$AQ$65536,0)),"") -> - | AO61: 0 | AP61: 0 | AQ61: 2 | AR61: 0 | AS61: 0 | AT61: 0 | AU61: 0 | AV61: 0 | AW61: 1 | AX61: 0 | AY61: 1 | AZ61: 1 | BA61: 0 | BB61: 0 | BC61: 0 | BD61: =VLOOKUP($A61,'[3]allergenen 6nr'!$A$1:$O$1310,3,FALSE) -> - | BE61: =VLOOKUP($A61,'[3]allergenen 6nr'!$A$1:$O$1310,4,FALSE) -> X | BF61: =VLOOKUP($A61,'[3]allergenen 6nr'!$A$1:$O$1310,5,FALSE) -> + | BG61: =VLOOKUP($A61,'[3]allergenen 6nr'!$A$1:$O$1310,6,FALSE) -> X | BH61: =VLOOKUP($A61,'[3]allergenen 6nr'!$A$1:$O$1310,7,FALSE) -> - | BI61: =VLOOKUP($A61,'[3]allergenen 6nr'!$A$1:$O$1310,8,FALSE) -> X | BJ61: =VLOOKUP($A61,'[3]allergenen 6nr'!$A$1:$O$1310,9,FALSE) -> - | BK61: =VLOOKUP($A61,'[3]allergenen 6nr'!$A$1:$O$1310,10,FALSE) -> - | BL61: =VLOOKUP($A61,'[3]allergenen 6nr'!$A$1:$O$1310,11,FALSE) -> + | BM61: =VLOOKUP($A61,'[3]allergenen 6nr'!$A$1:$O$1310,12,FALSE) -> - | BN61: =VLOOKUP($A61,'[3]allergenen 6nr'!$A$1:$O$1310,13,FALSE) -> X | BO61: =VLOOKUP($A61,'[3]allergenen 6nr'!$A$1:$O$1310,14,FALSE) -> - | BP61: =VLOOKUP($A61,'[3]allergenen 6nr'!$A$1:$O$1310,15,FALSE) -> -
A62: 63250000 | B62: =VLOOKUP($A62,[1]maaltijden!$A$1:$IV$65536,4,FALSE) -> THIRIET WITLOOF HAM KAAS 700G | C62: =VLOOKUP($A62,[1]maaltijden!$A$1:$IV$65536,7,FALSE) -> AR 1150-8 | D62: =VLOOKUP($A62,[1]maaltijden!$A$1:$IV$65536,10,FALSE) -> H9 NEW | E62: =VLOOKUP($A62,[1]maaltijden!$A$1:$IV$65536,13,FALSE) -> H9x6 GEPERFOREERD | F62: =IF($D62="Bedrukte folie 470x300",1,0) -> 0 | G62: =VLOOKUP($A62,[1]maaltijden!$A$1:$IV$65536,27,FALSE) -> ! ! | H62: =VLOOKUP($A62,[1]maaltijden!$A$1:$IV$65536,21,FALSE) -> 11 | I62: =VLOOKUP($A62,[1]maaltijden!$A$1:$IV$65536,21,FALSE) -> 11 | J62: =VLOOKUP($A62,[1]maaltijden!$A$1:$IV$65536,18,FALSE) -> 2 | K62: =VLOOKUP($A62,[1]maaltijden!$A$1:$IV$65536,17,FALSE) -> 1 | L62: =VLOOKUP($A62,[1]maaltijden!$A$1:$IV$65536,20,FALSE) -> 950 | M62: =VLOOKUP($A62,[1]maaltijden!$A$1:$IV$65536,22,FALSE) -> 950 | P62: 1 | Q62: 2 | R62: 0 | S62: 1 | T62: 1 | U62: 0 | V62: 1 | W62: 1 | X62: 1 | Y62: 1 | Z62: 1 | AA62: 0 | AB62: 0 | AC62: 1 | AD62: 0 | AE62: 1 | AF62: 0 | AG62: 0 | AH62: 1 | AI62: 0 | AJ62: 0 | AK62: 0 | AL62: 0 | AM62: 0 | AN62: =IFERROR(INDEX([2]lijnopstellingsfiche!$AP$1:$AP$65536,MATCH(A62,[2]lijnopstellingsfiche!$AQ$1:$AQ$65536,0)),"") -> 10 | AO62: 0 | AP62: 1 | AQ62: 1 | AR62: 0 | AS62: 0 | AT62: 0 | AU62: 0 | AV62: 0 | AW62: 1 | AX62: 0 | AY62: 1 | AZ62: 1 | BA62: 0 | BB62: 0 | BC62: 1 | BD62: =VLOOKUP($A62,'[3]allergenen 6nr'!$A$1:$O$1310,3,FALSE) -> - | BE62: =VLOOKUP($A62,'[3]allergenen 6nr'!$A$1:$O$1310,4,FALSE) -> - | BF62: =VLOOKUP($A62,'[3]allergenen 6nr'!$A$1:$O$1310,5,FALSE) -> + | BG62: =VLOOKUP($A62,'[3]allergenen 6nr'!$A$1:$O$1310,6,FALSE) -> X | BH62: =VLOOKUP($A62,'[3]allergenen 6nr'!$A$1:$O$1310,7,FALSE) -> + | BI62: =VLOOKUP($A62,'[3]allergenen 6nr'!$A$1:$O$1310,8,FALSE) -> X | BJ62: =VLOOKUP($A62,'[3]allergenen 6nr'!$A$1:$O$1310,9,FALSE) -> - | BK62: =VLOOKUP($A62,'[3]allergenen 6nr'!$A$1:$O$1310,10,FALSE) -> - | BL62: =VLOOKUP($A62,'[3]allergenen 6nr'!$A$1:$O$1310,11,FALSE) -> - | BM62: =VLOOKUP($A62,'[3]allergenen 6nr'!$A$1:$O$1310,12,FALSE) -> - | BN62: =VLOOKUP($A62,'[3]allergenen 6nr'!$A$1:$O$1310,13,FALSE) -> X | BO62: =VLOOKUP($A62,'[3]allergenen 6nr'!$A$1:$O$1310,14,FALSE) -> - | BP62: =VLOOKUP($A62,'[3]allergenen 6nr'!$A$1:$O$1310,15,FALSE) -> -
A63: 63291300 | B63: =VLOOKUP($A63,[1]maaltijden!$A$1:$IV$65536,4,FALSE) -> BOF BE KIPPENBOUT APPELMOES PUREE 510G | C63: =VLOOKUP($A63,[1]maaltijden!$A$1:$IV$65536,7,FALSE) -> C2227-2K | D63: =VLOOKUP($A63,[1]maaltijden!$A$1:$IV$65536,10,FALSE) -> H9 45mm | E63: =VLOOKUP($A63,[1]maaltijden!$A$1:$IV$65536,13,FALSE) -> H10X8 | F63: =IF($D63="Bedrukte folie 470x300",1,0) -> 0 | G63: =VLOOKUP($A63,[1]maaltijden!$A$1:$IV$65536,27,FALSE) -> ! ! | H63: =VLOOKUP($A63,[1]maaltijden!$A$1:$IV$65536,21,FALSE) -> 4 | I63: =VLOOKUP($A63,[1]maaltijden!$A$1:$IV$65536,21,FALSE) -> 4 | J63: =VLOOKUP($A63,[1]maaltijden!$A$1:$IV$65536,18,FALSE) -> 2 | K63: =VLOOKUP($A63,[1]maaltijden!$A$1:$IV$65536,17,FALSE) -> 2.5 | L63: =VLOOKUP($A63,[1]maaltijden!$A$1:$IV$65536,20,FALSE) -> 2200 | M63: =VLOOKUP($A63,[1]maaltijden!$A$1:$IV$65536,22,FALSE) -> 2200 | P63: 1 | Q63: 2 | R63: 0 | S63: 1 | T63: 1 | U63: 0 | V63: 1 | W63: 1 | X63: 1 | Y63: 1 | Z63: 1 | AA63: 0 | AB63: 0 | AC63: 0 | AD63: 0 | AE63: 1 | AF63: 0 | AG63: 0 | AH63: 2 | AI63: 1 | AJ63: 0 | AK63: 0 | AL63: 0 | AM63: 0 | AN63: =IFERROR(INDEX([2]lijnopstellingsfiche!$AP$1:$AP$65536,MATCH(A63,[2]lijnopstellingsfiche!$AQ$1:$AQ$65536,0)),"") -> - | AO63: 0 | AP63: 0 | AQ63: 2 | AR63: 1 | AS63: 0 | AT63: 0 | AU63: 0 | AV63: 0 | AW63: 1 | AX63: 0 | AY63: 1 | AZ63: 1 | BA63: 0 | BB63: 1 | BC63: 1 | BD63: =VLOOKUP($A63,'[3]allergenen 6nr'!$A$1:$O$1310,3,FALSE) -> - | BE63: =VLOOKUP($A63,'[3]allergenen 6nr'!$A$1:$O$1310,4,FALSE) -> + | BF63: =VLOOKUP($A63,'[3]allergenen 6nr'!$A$1:$O$1310,5,FALSE) -> + | BG63: =VLOOKUP($A63,'[3]allergenen 6nr'!$A$1:$O$1310,6,FALSE) -> X | BH63: =VLOOKUP($A63,'[3]allergenen 6nr'!$A$1:$O$1310,7,FALSE) -> + | BI63: =VLOOKUP($A63,'[3]allergenen 6nr'!$A$1:$O$1310,8,FALSE) -> X | BJ63: =VLOOKUP($A63,'[3]allergenen 6nr'!$A$1:$O$1310,9,FALSE) -> - | BK63: =VLOOKUP($A63,'[3]allergenen 6nr'!$A$1:$O$1310,10,FALSE) -> - | BL63: =VLOOKUP($A63,'[3]allergenen 6nr'!$A$1:$O$1310,11,FALSE) -> - | BM63: =VLOOKUP($A63,'[3]allergenen 6nr'!$A$1:$O$1310,12,FALSE) -> - | BN63: =VLOOKUP($A63,'[3]allergenen 6nr'!$A$1:$O$1310,13,FALSE) -> X | BO63: =VLOOKUP($A63,'[3]allergenen 6nr'!$A$1:$O$1310,14,FALSE) -> - | BP63: =VLOOKUP($A63,'[3]allergenen 6nr'!$A$1:$O$1310,15,FALSE) -> -
A64: 63293000 | B64: =VLOOKUP($A64,[1]maaltijden!$A$1:$IV$65536,4,FALSE) -> BOF FR LASAGNE ZALM ASC PREI 800G | C64: =VLOOKUP($A64,[1]maaltijden!$A$1:$IV$65536,7,FALSE) -> AR 1150-8 | D64: =VLOOKUP($A64,[1]maaltijden!$A$1:$IV$65536,10,FALSE) -> H9 45mm | E64: =VLOOKUP($A64,[1]maaltijden!$A$1:$IV$65536,13,FALSE) -> H10X8 | F64: =IF($D64="Bedrukte folie 470x300",1,0) -> 0 | G64: =VLOOKUP($A64,[1]maaltijden!$A$1:$IV$65536,27,FALSE) -> ! ! ! ! | H64: =VLOOKUP($A64,[1]maaltijden!$A$1:$IV$65536,21,FALSE) -> 6 | I64: =VLOOKUP($A64,[1]maaltijden!$A$1:$IV$65536,21,FALSE) -> 6 | J64: =VLOOKUP($A64,[1]maaltijden!$A$1:$IV$65536,18,FALSE) -> 2 | K64: =VLOOKUP($A64,[1]maaltijden!$A$1:$IV$65536,17,FALSE) -> 3 | L64: =VLOOKUP($A64,[1]maaltijden!$A$1:$IV$65536,20,FALSE) -> 1750 | M64: =VLOOKUP($A64,[1]maaltijden!$A$1:$IV$65536,22,FALSE) -> 1750 | P64: 1 | Q64: 2 | R64: 0 | S64: 1 | T64: 1 | U64: 1 | V64: 1 | W64: 1 | X64: 1 | Y64: 1 | Z64: 0 | AA64: 0 | AB64: 1 | AC64: 0 | AD64: 0 | AE64: 1 | AF64: 1 | AG64: 0 | AH64: 1 | AI64: 1 | AJ64: 0 | AK64: 0 | AL64: 0 | AM64: 0 | AN64: =IFERROR(INDEX([2]lijnopstellingsfiche!$AP$1:$AP$65536,MATCH(A64,[2]lijnopstellingsfiche!$AQ$1:$AQ$65536,0)),"") -> - | AO64: 0 | AP64: 1 | AQ64: 5 | AR64: 0 | AS64: 0 | AT64: 0 | AU64: 0 | AV64: 0 | AW64: 1 | AX64: 0 | AY64: 1 | AZ64: 1 | BA64: 0 | BB64: 1 | BC64: 1 | BD64: =VLOOKUP($A64,'[3]allergenen 6nr'!$A$1:$O$1310,3,FALSE) -> - | BE64: =VLOOKUP($A64,'[3]allergenen 6nr'!$A$1:$O$1310,4,FALSE) -> + | BF64: =VLOOKUP($A64,'[3]allergenen 6nr'!$A$1:$O$1310,5,FALSE) -> + | BG64: =VLOOKUP($A64,'[3]allergenen 6nr'!$A$1:$O$1310,6,FALSE) -> X | BH64: =VLOOKUP($A64,'[3]allergenen 6nr'!$A$1:$O$1310,7,FALSE) -> + | BI64: =VLOOKUP($A64,'[3]allergenen 6nr'!$A$1:$O$1310,8,FALSE) -> X | BJ64: =VLOOKUP($A64,'[3]allergenen 6nr'!$A$1:$O$1310,9,FALSE) -> - | BK64: =VLOOKUP($A64,'[3]allergenen 6nr'!$A$1:$O$1310,10,FALSE) -> X | BL64: =VLOOKUP($A64,'[3]allergenen 6nr'!$A$1:$O$1310,11,FALSE) -> + | BM64: =VLOOKUP($A64,'[3]allergenen 6nr'!$A$1:$O$1310,12,FALSE) -> - | BN64: =VLOOKUP($A64,'[3]allergenen 6nr'!$A$1:$O$1310,13,FALSE) -> X | BO64: =VLOOKUP($A64,'[3]allergenen 6nr'!$A$1:$O$1310,14,FALSE) -> + | BP64: =VLOOKUP($A64,'[3]allergenen 6nr'!$A$1:$O$1310,15,FALSE) -> X
A65: 63293100 | B65: =VLOOKUP($A65,[1]maaltijden!$A$1:$IV$65536,4,FALSE) -> BOF FR TARTIFLETTE 800G | C65: =VLOOKUP($A65,[1]maaltijden!$A$1:$IV$65536,7,FALSE) -> AR 1150-8 | D65: =VLOOKUP($A65,[1]maaltijden!$A$1:$IV$65536,10,FALSE) -> H9 NEW | E65: =VLOOKUP($A65,[1]maaltijden!$A$1:$IV$65536,13,FALSE) -> H10X8 | F65: =IF($D65="Bedrukte folie 470x300",1,0) -> 0 | G65: =VLOOKUP($A65,[1]maaltijden!$A$1:$IV$65536,27,FALSE) -> ! ! | H65: =VLOOKUP($A65,[1]maaltijden!$A$1:$IV$65536,21,FALSE) -> 4 | I65: =VLOOKUP($A65,[1]maaltijden!$A$1:$IV$65536,21,FALSE) -> 4 | J65: =VLOOKUP($A65,[1]maaltijden!$A$1:$IV$65536,18,FALSE) -> 2 | K65: =VLOOKUP($A65,[1]maaltijden!$A$1:$IV$65536,17,FALSE) -> 1 | L65: =VLOOKUP($A65,[1]maaltijden!$A$1:$IV$65536,20,FALSE) -> 1750 | M65: =VLOOKUP($A65,[1]maaltijden!$A$1:$IV$65536,22,FALSE) -> 1750 | P65: 1 | Q65: 2 | R65: 0 | S65: 1 | T65: 1 | U65: 1 | V65: 1 | W65: 1 | X65: 1 | Y65: 1 | Z65: 0 | AA65: 0 | AB65: 0 | AC65: 0 | AD65: 0 | AE65: 1 | AF65: 0 | AG65: 0 | AH65: 1 | AI65: 0 | AJ65: 0 | AK65: 0 | AL65: 0 | AM65: 0 | AN65: =IFERROR(INDEX([2]lijnopstellingsfiche!$AP$1:$AP$65536,MATCH(A65,[2]lijnopstellingsfiche!$AQ$1:$AQ$65536,0)),"") -> 1 | AO65: 0 | AP65: 0 | AQ65: 2 | AR65: 0 | AS65: 1 | AT65: 0 | AU65: 0 | AV65: 0 | AW65: 1 | AX65: 0 | AY65: 1 | AZ65: 1 | BA65: 0 | BB65: 1 | BC65: 1 | BD65: =VLOOKUP($A65,'[3]allergenen 6nr'!$A$1:$O$1310,3,FALSE) -> - | BE65: =VLOOKUP($A65,'[3]allergenen 6nr'!$A$1:$O$1310,4,FALSE) -> - | BF65: =VLOOKUP($A65,'[3]allergenen 6nr'!$A$1:$O$1310,5,FALSE) -> - | BG65: =VLOOKUP($A65,'[3]allergenen 6nr'!$A$1:$O$1310,6,FALSE) -> - | BH65: =VLOOKUP($A65,'[3]allergenen 6nr'!$A$1:$O$1310,7,FALSE) -> + | BI65: =VLOOKUP($A65,'[3]allergenen 6nr'!$A$1:$O$1310,8,FALSE) -> - | BJ65: =VLOOKUP($A65,'[3]allergenen 6nr'!$A$1:$O$1310,9,FALSE) -> - | BK65: =VLOOKUP($A65,'[3]allergenen 6nr'!$A$1:$O$1310,10,FALSE) -> - | BL65: =VLOOKUP($A65,'[3]allergenen 6nr'!$A$1:$O$1310,11,FALSE) -> - | BM65: =VLOOKUP($A65,'[3]allergenen 6nr'!$A$1:$O$1310,12,FALSE) -> - | BN65: =VLOOKUP($A65,'[3]allergenen 6nr'!$A$1:$O$1310,13,FALSE) -> - | BO65: =VLOOKUP($A65,'[3]allergenen 6nr'!$A$1:$O$1310,14,FALSE) -> X | BP65: =VLOOKUP($A65,'[3]allergenen 6nr'!$A$1:$O$1310,15,FALSE) -> -
A66: 63293300 | B66: =VLOOKUP($A66,[1]maaltijden!$A$1:$IV$65536,4,FALSE) -> BOF FR VARKENSTOOFVLEES BIERSAUS PUREE 750G | C66: =VLOOKUP($A66,[1]maaltijden!$A$1:$IV$65536,7,FALSE) -> AR 1150-8 | D66: =VLOOKUP($A66,[1]maaltijden!$A$1:$IV$65536,10,FALSE) -> H9 NEW | E66: =VLOOKUP($A66,[1]maaltijden!$A$1:$IV$65536,13,FALSE) -> H10X8 | F66: =IF($D66="Bedrukte folie 470x300",1,0) -> 0 | G66: =VLOOKUP($A66,[1]maaltijden!$A$1:$IV$65536,27,FALSE) -> ! ! ! | H66: =VLOOKUP($A66,[1]maaltijden!$A$1:$IV$65536,21,FALSE) -> 6 | I66: =VLOOKUP($A66,[1]maaltijden!$A$1:$IV$65536,21,FALSE) -> 6 | J66: =VLOOKUP($A66,[1]maaltijden!$A$1:$IV$65536,18,FALSE) -> 2 | K66: =VLOOKUP($A66,[1]maaltijden!$A$1:$IV$65536,17,FALSE) -> 2 | L66: =VLOOKUP($A66,[1]maaltijden!$A$1:$IV$65536,20,FALSE) -> 1750 | M66: =VLOOKUP($A66,[1]maaltijden!$A$1:$IV$65536,22,FALSE) -> 1750 | P66: 1 | Q66: 2 | R66: 0 | S66: 1 | T66: 1 | U66: 0 | V66: 1 | W66: 1 | X66: 1 | Y66: 1 | Z66: 1 | AA66: 0 | AB66: 0 | AC66: 0 | AD66: 0 | AE66: 1 | AF66: 0 | AG66: 0 | AH66: 2 | AI66: 0 | AJ66: 0 | AK66: 0 | AL66: 0 | AM66: 0 | AN66: =IFERROR(INDEX([2]lijnopstellingsfiche!$AP$1:$AP$65536,MATCH(A66,[2]lijnopstellingsfiche!$AQ$1:$AQ$65536,0)),"") -> 5 | AO66: 0 | AP66: 0 | AQ66: 2 | AR66: 1 | AS66: 0 | AT66: 0 | AU66: 0 | AV66: 0 | AW66: 1 | AX66: 0 | AY66: 1 | AZ66: 1 | BA66: 0 | BB66: 1 | BC66: 1 | BD66: =VLOOKUP($A66,'[3]allergenen 6nr'!$A$1:$O$1310,3,FALSE) -> - | BE66: =VLOOKUP($A66,'[3]allergenen 6nr'!$A$1:$O$1310,4,FALSE) -> + | BF66: =VLOOKUP($A66,'[3]allergenen 6nr'!$A$1:$O$1310,5,FALSE) -> + | BG66: =VLOOKUP($A66,'[3]allergenen 6nr'!$A$1:$O$1310,6,FALSE) -> X | BH66: =VLOOKUP($A66,'[3]allergenen 6nr'!$A$1:$O$1310,7,FALSE) -> + | BI66: =VLOOKUP($A66,'[3]allergenen 6nr'!$A$1:$O$1310,8,FALSE) -> + | BJ66: =VLOOKUP($A66,'[3]allergenen 6nr'!$A$1:$O$1310,9,FALSE) -> - | BK66: =VLOOKUP($A66,'[3]allergenen 6nr'!$A$1:$O$1310,10,FALSE) -> - | BL66: =VLOOKUP($A66,'[3]allergenen 6nr'!$A$1:$O$1310,11,FALSE) -> - | BM66: =VLOOKUP($A66,'[3]allergenen 6nr'!$A$1:$O$1310,12,FALSE) -> - | BN66: =VLOOKUP($A66,'[3]allergenen 6nr'!$A$1:$O$1310,13,FALSE) -> X | BO66: =VLOOKUP($A66,'[3]allergenen 6nr'!$A$1:$O$1310,14,FALSE) -> - | BP66: =VLOOKUP($A66,'[3]allergenen 6nr'!$A$1:$O$1310,15,FALSE) -> -
A67: 63293500 | B67: =VLOOKUP($A67,[1]maaltijden!$A$1:$IV$65536,4,FALSE) -> BOF FR KIP ROUGAIL LINZEN RIJST 750G | C67: =VLOOKUP($A67,[1]maaltijden!$A$1:$IV$65536,7,FALSE) -> AR 1150-8 | D67: =VLOOKUP($A67,[1]maaltijden!$A$1:$IV$65536,10,FALSE) -> H9 45mm | E67: =VLOOKUP($A67,[1]maaltijden!$A$1:$IV$65536,13,FALSE) -> H10X8 | F67: =IF($D67="Bedrukte folie 470x300",1,0) -> 0 | G67: =VLOOKUP($A67,[1]maaltijden!$A$1:$IV$65536,27,FALSE) -> - | H67: =VLOOKUP($A67,[1]maaltijden!$A$1:$IV$65536,21,FALSE) -> 5 | I67: =VLOOKUP($A67,[1]maaltijden!$A$1:$IV$65536,21,FALSE) -> 5 | J67: =VLOOKUP($A67,[1]maaltijden!$A$1:$IV$65536,18,FALSE) -> 2 | K67: =VLOOKUP($A67,[1]maaltijden!$A$1:$IV$65536,17,FALSE) -> 2 | L67: =VLOOKUP($A67,[1]maaltijden!$A$1:$IV$65536,20,FALSE) -> 1750 | M67: =VLOOKUP($A67,[1]maaltijden!$A$1:$IV$65536,22,FALSE) -> 1750 | P67: 1 | Q67: 2 | R67: 0 | S67: 1 | T67: 1 | U67: 0 | V67: 1 | W67: 1 | X67: 1 | Y67: 1 | Z67: 1 | AA67: 0 | AB67: 0 | AC67: 0 | AD67: 0 | AE67: 1 | AF67: 0 | AG67: 1 | AM67: 1 | AN67: =IFERROR(INDEX([2]lijnopstellingsfiche!$AP$1:$AP$65536,MATCH(A67,[2]lijnopstellingsfiche!$AQ$1:$AQ$65536,0)),"") -> 1 | AO67: 0 | AP67: 0 | AQ67: 4 | AR67: 0 | AS67: 1 | AT67: 0 | AU67: 0 | AV67: 0 | AW67: 1 | AX67: 0 | AY67: 1 | AZ67: 1 | BA67: 0 | BB67: 1 | BC67: 1
A68: 63295100 | B68: =VLOOKUP($A68,[1]maaltijden!$A$1:$IV$65536,4,FALSE) -> BOF DE VA STOOFVLEES CHAMPIGN SAUS GRATIN WORTEL 450G | C68: =VLOOKUP($A68,[1]maaltijden!$A$1:$IV$65536,7,FALSE) -> C2227-3R WIT | D68: =VLOOKUP($A68,[1]maaltijden!$A$1:$IV$65536,10,FALSE) -> H9 45mm | E68: =VLOOKUP($A68,[1]maaltijden!$A$1:$IV$65536,13,FALSE) -> H10X8 | F68: =IF($D68="Bedrukte folie 470x300",1,0) -> 0 | G68: =VLOOKUP($A68,[1]maaltijden!$A$1:$IV$65536,27,FALSE) -> ! ! | H68: =VLOOKUP($A68,[1]maaltijden!$A$1:$IV$65536,21,FALSE) -> 11 | I68: =VLOOKUP($A68,[1]maaltijden!$A$1:$IV$65536,21,FALSE) -> 11 | J68: =VLOOKUP($A68,[1]maaltijden!$A$1:$IV$65536,18,FALSE) -> 2 | K68: =VLOOKUP($A68,[1]maaltijden!$A$1:$IV$65536,17,FALSE) -> 3 | L68: =VLOOKUP($A68,[1]maaltijden!$A$1:$IV$65536,20,FALSE) -> 2200 | M68: =VLOOKUP($A68,[1]maaltijden!$A$1:$IV$65536,22,FALSE) -> 2200 | P68: 1 | Q68: 2 | R68: 0 | S68: 1 | T68: 1 | U68: 0 | V68: 1 | W68: 1 | X68: 1 | Y68: 1 | Z68: 1 | AA68: 0 | AB68: 0 | AC68: 0 | AD68: 0 | AE68: 1 | AF68: 0 | AG68: 0 | AH68: 2 | AI68: 1 | AJ68: 0 | AK68: 0 | AL68: 0 | AM68: 0 | AN68: =IFERROR(INDEX([2]lijnopstellingsfiche!$AP$1:$AP$65536,MATCH(A68,[2]lijnopstellingsfiche!$AQ$1:$AQ$65536,0)),"") -> 5 | AO68: 0 | AP68: 0 | AQ68: 2 | AR68: 0 | AS68: 0 | AT68: 0 | AU68: 0 | AV68: 0 | AW68: 1 | AX68: 0 | AY68: 1 | AZ68: 1 | BA68: 0 | BB68: 1 | BC68: 1 | BD68: =VLOOKUP($A68,'[3]allergenen 6nr'!$A$1:$O$1310,3,FALSE) -> - | BE68: =VLOOKUP($A68,'[3]allergenen 6nr'!$A$1:$O$1310,4,FALSE) -> X | BF68: =VLOOKUP($A68,'[3]allergenen 6nr'!$A$1:$O$1310,5,FALSE) -> + | BG68: =VLOOKUP($A68,'[3]allergenen 6nr'!$A$1:$O$1310,6,FALSE) -> X | BH68: =VLOOKUP($A68,'[3]allergenen 6nr'!$A$1:$O$1310,7,FALSE) -> + | BI68: =VLOOKUP($A68,'[3]allergenen 6nr'!$A$1:$O$1310,8,FALSE) -> X | BJ68: =VLOOKUP($A68,'[3]allergenen 6nr'!$A$1:$O$1310,9,FALSE) -> - | BK68: =VLOOKUP($A68,'[3]allergenen 6nr'!$A$1:$O$1310,10,FALSE) -> - | BL68: =VLOOKUP($A68,'[3]allergenen 6nr'!$A$1:$O$1310,11,FALSE) -> - | BM68: =VLOOKUP($A68,'[3]allergenen 6nr'!$A$1:$O$1310,12,FALSE) -> - | BN68: =VLOOKUP($A68,'[3]allergenen 6nr'!$A$1:$O$1310,13,FALSE) -> X | BO68: =VLOOKUP($A68,'[3]allergenen 6nr'!$A$1:$O$1310,14,FALSE) -> - | BP68: =VLOOKUP($A68,'[3]allergenen 6nr'!$A$1:$O$1310,15,FALSE) -> -
A69: 63310200 | B69: =VLOOKUP($A69,[1]maaltijden!$A$1:$IV$65536,4,FALSE) -> DMH LASAGNE BOLOGNESE MAISON | C69: =VLOOKUP($A69,[1]maaltijden!$A$1:$IV$65536,7,FALSE) -> UK-57 | D69: =VLOOKUP($A69,[1]maaltijden!$A$1:$IV$65536,10,FALSE) -> NVT | E69: =VLOOKUP($A69,[1]maaltijden!$A$1:$IV$65536,13,FALSE) -> DMH X 6 | F69: =IF($D69="Bedrukte folie 470x300",1,0) -> 0 | G69: =VLOOKUP($A69,[1]maaltijden!$A$1:$IV$65536,27,FALSE) -> ! ! ! | H69: =VLOOKUP($A69,[1]maaltijden!$A$1:$IV$65536,21,FALSE) -> 6 | I69: =VLOOKUP($A69,[1]maaltijden!$A$1:$IV$65536,21,FALSE) -> 6 | J69: =VLOOKUP($A69,[1]maaltijden!$A$1:$IV$65536,18,FALSE) -> 3 | K69: =VLOOKUP($A69,[1]maaltijden!$A$1:$IV$65536,17,FALSE) -> 2 | L69: =VLOOKUP($A69,[1]maaltijden!$A$1:$IV$65536,20,FALSE) -> 2500 | M69: =VLOOKUP($A69,[1]maaltijden!$A$1:$IV$65536,22,FALSE) -> 2500 | P69: 0 | Q69: 1 | R69: 0 | S69: 0 | T69: 1 | U69: 0 | V69: 1 | W69: 1 | X69: 1 | Y69: 1 | Z69: 0 | AA69: 0 | AB69: 1 | AC69: 0 | AD69: 0 | AE69: 1 | AF69: 0 | AG69: 0 | AH69: 2 | AI69: 0 | AJ69: 0 | AK69: 0 | AL69: 0 | AM69: 0 | AN69: =IFERROR(INDEX([2]lijnopstellingsfiche!$AP$1:$AP$65536,MATCH(A69,[2]lijnopstellingsfiche!$AQ$1:$AQ$65536,0)),"") -> - | AO69: 0 | AP69: 1 | AQ69: 4 | AR69: 1 | AS69: 0 | AT69: 0 | AU69: 0 | AV69: 0 | AW69: 0 | AX69: 0 | AY69: 1 | AZ69: 0 | BA69: 1 | BB69: 0 | BC69: 0 | BD69: =VLOOKUP($A69,'[3]allergenen 6nr'!$A$1:$O$1310,3,FALSE) -> - | BE69: =VLOOKUP($A69,'[3]allergenen 6nr'!$A$1:$O$1310,4,FALSE) -> + | BF69: =VLOOKUP($A69,'[3]allergenen 6nr'!$A$1:$O$1310,5,FALSE) -> + | BG69: =VLOOKUP($A69,'[3]allergenen 6nr'!$A$1:$O$1310,6,FALSE) -> - | BH69: =VLOOKUP($A69,'[3]allergenen 6nr'!$A$1:$O$1310,7,FALSE) -> + | BI69: =VLOOKUP($A69,'[3]allergenen 6nr'!$A$1:$O$1310,8,FALSE) -> - | BJ69: =VLOOKUP($A69,'[3]allergenen 6nr'!$A$1:$O$1310,9,FALSE) -> - | BK69: =VLOOKUP($A69,'[3]allergenen 6nr'!$A$1:$O$1310,10,FALSE) -> - | BL69: =VLOOKUP($A69,'[3]allergenen 6nr'!$A$1:$O$1310,11,FALSE) -> + | BM69: =VLOOKUP($A69,'[3]allergenen 6nr'!$A$1:$O$1310,12,FALSE) -> - | BN69: =VLOOKUP($A69,'[3]allergenen 6nr'!$A$1:$O$1310,13,FALSE) -> - | BO69: =VLOOKUP($A69,'[3]allergenen 6nr'!$A$1:$O$1310,14,FALSE) -> - | BP69: =VLOOKUP($A69,'[3]allergenen 6nr'!$A$1:$O$1310,15,FALSE) -> -
A70: 63310400 | B70: =VLOOKUP($A70,[1]maaltijden!$A$1:$IV$65536,4,FALSE) -> DMH LASAGNE GEGRILDE GROENTEN | C70: =VLOOKUP($A70,[1]maaltijden!$A$1:$IV$65536,7,FALSE) -> UK-57 | D70: =VLOOKUP($A70,[1]maaltijden!$A$1:$IV$65536,10,FALSE) -> NVT | E70: =VLOOKUP($A70,[1]maaltijden!$A$1:$IV$65536,13,FALSE) -> DMH X 6 | F70: =IF($D70="Bedrukte folie 470x300",1,0) -> 0 | G70: =VLOOKUP($A70,[1]maaltijden!$A$1:$IV$65536,27,FALSE) -> ! ! | H70: =VLOOKUP($A70,[1]maaltijden!$A$1:$IV$65536,21,FALSE) -> 5 | I70: =VLOOKUP($A70,[1]maaltijden!$A$1:$IV$65536,21,FALSE) -> 5 | J70: =VLOOKUP($A70,[1]maaltijden!$A$1:$IV$65536,18,FALSE) -> 3 | K70: =VLOOKUP($A70,[1]maaltijden!$A$1:$IV$65536,17,FALSE) -> 2 | L70: =VLOOKUP($A70,[1]maaltijden!$A$1:$IV$65536,20,FALSE) -> 2500 | M70: =VLOOKUP($A70,[1]maaltijden!$A$1:$IV$65536,22,FALSE) -> 2500 | P70: 0 | Q70: 1 | R70: 0 | S70: 0 | T70: 1 | U70: 1 | V70: 1 | W70: 1 | X70: 1 | Y70: 1 | Z70: 0 | AA70: 0 | AB70: 1 | AC70: 0 | AD70: 0 | AE70: 1 | AF70: 0 | AG70: 0 | AH70: 2 | AI70: 0 | AJ70: 0 | AK70: 0 | AL70: 0 | AM70: 0 | AN70: =IFERROR(INDEX([2]lijnopstellingsfiche!$AP$1:$AP$65536,MATCH(A70,[2]lijnopstellingsfiche!$AQ$1:$AQ$65536,0)),"") -> - | AO70: 0 | AP70: 1 | AQ70: 3 | AR70: 1 | AS70: 0 | AT70: 0 | AU70: 0 | AV70: 0 | AW70: 0 | AX70: 0 | AY70: 1 | AZ70: 0 | BA70: 1 | BB70: 0 | BC70: 0 | BD70: =VLOOKUP($A70,'[3]allergenen 6nr'!$A$1:$O$1310,3,FALSE) -> - | BE70: =VLOOKUP($A70,'[3]allergenen 6nr'!$A$1:$O$1310,4,FALSE) -> + | BF70: =VLOOKUP($A70,'[3]allergenen 6nr'!$A$1:$O$1310,5,FALSE) -> + | BG70: =VLOOKUP($A70,'[3]allergenen 6nr'!$A$1:$O$1310,6,FALSE) -> X | BH70: =VLOOKUP($A70,'[3]allergenen 6nr'!$A$1:$O$1310,7,FALSE) -> + | BI70: =VLOOKUP($A70,'[3]allergenen 6nr'!$A$1:$O$1310,8,FALSE) -> X | BJ70: =VLOOKUP($A70,'[3]allergenen 6nr'!$A$1:$O$1310,9,FALSE) -> - | BK70: =VLOOKUP($A70,'[3]allergenen 6nr'!$A$1:$O$1310,10,FALSE) -> - | BL70: =VLOOKUP($A70,'[3]allergenen 6nr'!$A$1:$O$1310,11,FALSE) -> - | BM70: =VLOOKUP($A70,'[3]allergenen 6nr'!$A$1:$O$1310,12,FALSE) -> - | BN70: =VLOOKUP($A70,'[3]allergenen 6nr'!$A$1:$O$1310,13,FALSE) -> X | BO70: =VLOOKUP($A70,'[3]allergenen 6nr'!$A$1:$O$1310,14,FALSE) -> - | BP70: =VLOOKUP($A70,'[3]allergenen 6nr'!$A$1:$O$1310,15,FALSE) -> -
A71: 63310500 | B71: =VLOOKUP($A71,[1]maaltijden!$A$1:$IV$65536,4,FALSE) -> DMH LASAGNE BOLOGNESE HALAL | C71: =VLOOKUP($A71,[1]maaltijden!$A$1:$IV$65536,7,FALSE) -> UK-57 | D71: =VLOOKUP($A71,[1]maaltijden!$A$1:$IV$65536,10,FALSE) -> NVT | E71: =VLOOKUP($A71,[1]maaltijden!$A$1:$IV$65536,13,FALSE) -> DMH X 6 | F71: =IF($D71="Bedrukte folie 470x300",1,0) -> 0 | G71: =VLOOKUP($A71,[1]maaltijden!$A$1:$IV$65536,27,FALSE) -> ! ! ! | H71: =VLOOKUP($A71,[1]maaltijden!$A$1:$IV$65536,21,FALSE) -> 6 | I71: =VLOOKUP($A71,[1]maaltijden!$A$1:$IV$65536,21,FALSE) -> 6 | J71: =VLOOKUP($A71,[1]maaltijden!$A$1:$IV$65536,18,FALSE) -> 3 | K71: =VLOOKUP($A71,[1]maaltijden!$A$1:$IV$65536,17,FALSE) -> 2 | L71: =VLOOKUP($A71,[1]maaltijden!$A$1:$IV$65536,20,FALSE) -> 2500 | M71: =VLOOKUP($A71,[1]maaltijden!$A$1:$IV$65536,22,FALSE) -> 2500 | P71: 0 | Q71: 1 | R71: 0 | S71: 0 | T71: 1 | U71: 1 | V71: 1 | W71: 1 | X71: 1 | Y71: 1 | Z71: 0 | AA71: 0 | AB71: 1 | AC71: 0 | AD71: 0 | AE71: 1 | AF71: 0 | AG71: 0 | AH71: 2 | AI71: 0 | AJ71: 0 | AK71: 0 | AL71: 0 | AM71: 0 | AN71: =IFERROR(INDEX([2]lijnopstellingsfiche!$AP$1:$AP$65536,MATCH(A71,[2]lijnopstellingsfiche!$AQ$1:$AQ$65536,0)),"") -> - | AO71: 0 | AP71: 1 | AQ71: 4 | AR71: 1 | AS71: 0 | AT71: 0 | AU71: 0 | AV71: 0 | AW71: 0 | AX71: 0 | AY71: 1 | AZ71: 0 | BA71: 1 | BB71: 0 | BC71: 0 | BD71: =VLOOKUP($A71,'[3]allergenen 6nr'!$A$1:$O$1310,3,FALSE) -> - | BE71: =VLOOKUP($A71,'[3]allergenen 6nr'!$A$1:$O$1310,4,FALSE) -> + | BF71: =VLOOKUP($A71,'[3]allergenen 6nr'!$A$1:$O$1310,5,FALSE) -> + | BG71: =VLOOKUP($A71,'[3]allergenen 6nr'!$A$1:$O$1310,6,FALSE) -> - | BH71: =VLOOKUP($A71,'[3]allergenen 6nr'!$A$1:$O$1310,7,FALSE) -> + | BI71: =VLOOKUP($A71,'[3]allergenen 6nr'!$A$1:$O$1310,8,FALSE) -> - | BJ71: =VLOOKUP($A71,'[3]allergenen 6nr'!$A$1:$O$1310,9,FALSE) -> - | BK71: =VLOOKUP($A71,'[3]allergenen 6nr'!$A$1:$O$1310,10,FALSE) -> - | BL71: =VLOOKUP($A71,'[3]allergenen 6nr'!$A$1:$O$1310,11,FALSE) -> + | BM71: =VLOOKUP($A71,'[3]allergenen 6nr'!$A$1:$O$1310,12,FALSE) -> - | BN71: =VLOOKUP($A71,'[3]allergenen 6nr'!$A$1:$O$1310,13,FALSE) -> X | BO71: =VLOOKUP($A71,'[3]allergenen 6nr'!$A$1:$O$1310,14,FALSE) -> - | BP71: =VLOOKUP($A71,'[3]allergenen 6nr'!$A$1:$O$1310,15,FALSE) -> -
A72: 63310600 | B72: =VLOOKUP($A72,[1]maaltijden!$A$1:$IV$65536,4,FALSE) -> DMH SPAGHETTI CARBONARA | C72: =VLOOKUP($A72,[1]maaltijden!$A$1:$IV$65536,7,FALSE) -> UK-57 | D72: =VLOOKUP($A72,[1]maaltijden!$A$1:$IV$65536,10,FALSE) -> NVT | E72: =VLOOKUP($A72,[1]maaltijden!$A$1:$IV$65536,13,FALSE) -> DMH X 6 | F72: =IF($D72="Bedrukte folie 470x300",1,0) -> 0 | G72: =VLOOKUP($A72,[1]maaltijden!$A$1:$IV$65536,27,FALSE) -> ! ! | H72: =VLOOKUP($A72,[1]maaltijden!$A$1:$IV$65536,21,FALSE) -> 4 | I72: =VLOOKUP($A72,[1]maaltijden!$A$1:$IV$65536,21,FALSE) -> 4 | J72: =VLOOKUP($A72,[1]maaltijden!$A$1:$IV$65536,18,FALSE) -> 3 | K72: =VLOOKUP($A72,[1]maaltijden!$A$1:$IV$65536,17,FALSE) -> 2.5 | L72: =VLOOKUP($A72,[1]maaltijden!$A$1:$IV$65536,20,FALSE) -> 2500 | M72: =VLOOKUP($A72,[1]maaltijden!$A$1:$IV$65536,22,FALSE) -> 2500 | P72: 0 | Q72: 1 | R72: 0 | S72: 0 | T72: 1 | U72: 1 | V72: 1 | W72: 1 | X72: 1 | Y72: 1 | Z72: 0 | AA72: 0 | AB72: 0 | AC72: 0 | AD72: 0 | AE72: 0 | AF72: 0 | AG72: 1 | AH72: 1 | AI72: 0 | AJ72: 0 | AK72: 0 | AL72: 0 | AM72: 0 | AN72: =IFERROR(INDEX([2]lijnopstellingsfiche!$AP$1:$AP$65536,MATCH(A72,[2]lijnopstellingsfiche!$AQ$1:$AQ$65536,0)),"") -> 1 | AO72: 1 | AP72: 0 | AQ72: 1 | AR72: 0 | AS72: 0 | AT72: 0 | AU72: 0 | AV72: 0 | AW72: 0 | AX72: 0 | AY72: 1 | AZ72: 0 | BA72: 1 | BB72: 0 | BC72: 0 | BD72: =VLOOKUP($A72,'[3]allergenen 6nr'!$A$1:$O$1310,3,FALSE) -> - | BE72: =VLOOKUP($A72,'[3]allergenen 6nr'!$A$1:$O$1310,4,FALSE) -> X | BF72: =VLOOKUP($A72,'[3]allergenen 6nr'!$A$1:$O$1310,5,FALSE) -> + | BG72: =VLOOKUP($A72,'[3]allergenen 6nr'!$A$1:$O$1310,6,FALSE) -> X | BH72: =VLOOKUP($A72,'[3]allergenen 6nr'!$A$1:$O$1310,7,FALSE) -> + | BI72: =VLOOKUP($A72,'[3]allergenen 6nr'!$A$1:$O$1310,8,FALSE) -> X | BJ72: =VLOOKUP($A72,'[3]allergenen 6nr'!$A$1:$O$1310,9,FALSE) -> - | BK72: =VLOOKUP($A72,'[3]allergenen 6nr'!$A$1:$O$1310,10,FALSE) -> - | BL72: =VLOOKUP($A72,'[3]allergenen 6nr'!$A$1:$O$1310,11,FALSE) -> - | BM72: =VLOOKUP($A72,'[3]allergenen 6nr'!$A$1:$O$1310,12,FALSE) -> - | BN72: =VLOOKUP($A72,'[3]allergenen 6nr'!$A$1:$O$1310,13,FALSE) -> X | BO72: =VLOOKUP($A72,'[3]allergenen 6nr'!$A$1:$O$1310,14,FALSE) -> - | BP72: =VLOOKUP($A72,'[3]allergenen 6nr'!$A$1:$O$1310,15,FALSE) -> -
A73: 63310800 | B73: =VLOOKUP($A73,[1]maaltijden!$A$1:$IV$65536,4,FALSE) -> DMH SPAGHETTI BOLOGNESE MAISON | C73: =VLOOKUP($A73,[1]maaltijden!$A$1:$IV$65536,7,FALSE) -> UK-57 | D73: =VLOOKUP($A73,[1]maaltijden!$A$1:$IV$65536,10,FALSE) -> NVT | E73: =VLOOKUP($A73,[1]maaltijden!$A$1:$IV$65536,13,FALSE) -> DMH X 6 | F73: =IF($D73="Bedrukte folie 470x300",1,0) -> 0 | G73: =VLOOKUP($A73,[1]maaltijden!$A$1:$IV$65536,27,FALSE) -> ! ! ! | H73: =VLOOKUP($A73,[1]maaltijden!$A$1:$IV$65536,21,FALSE) -> 4 | I73: =VLOOKUP($A73,[1]maaltijden!$A$1:$IV$65536,21,FALSE) -> 4 | J73: =VLOOKUP($A73,[1]maaltijden!$A$1:$IV$65536,18,FALSE) -> 3 | K73: =VLOOKUP($A73,[1]maaltijden!$A$1:$IV$65536,17,FALSE) -> 2.5 | L73: =VLOOKUP($A73,[1]maaltijden!$A$1:$IV$65536,20,FALSE) -> 2500 | M73: =VLOOKUP($A73,[1]maaltijden!$A$1:$IV$65536,22,FALSE) -> 2500 | P73: 0 | Q73: 1 | R73: 0 | S73: 0 | T73: 1 | U73: 0 | V73: 1 | W73: 1 | X73: 1 | Y73: 1 | Z73: 0 | AA73: 0 | AB73: 0 | AC73: 0 | AD73: 0 | AE73: 1 | AF73: 0 | AG73: 1 | AH73: 1 | AI73: 0 | AJ73: 0 | AK73: 0 | AL73: 0 | AM73: 0 | AN73: =IFERROR(INDEX([2]lijnopstellingsfiche!$AP$1:$AP$65536,MATCH(A73,[2]lijnopstellingsfiche!$AQ$1:$AQ$65536,0)),"") -> 1 | AO73: 1 | AP73: 0 | AQ73: 2 | AR73: 0 | AS73: 0 | AT73: 0 | AU73: 0 | AV73: 0 | AW73: 0 | AX73: 0 | AY73: 1 | AZ73: 0 | BA73: 1 | BB73: 0 | BC73: 0 | BD73: =VLOOKUP($A73,'[3]allergenen 6nr'!$A$1:$O$1310,3,FALSE) -> - | BE73: =VLOOKUP($A73,'[3]allergenen 6nr'!$A$1:$O$1310,4,FALSE) -> X | BF73: =VLOOKUP($A73,'[3]allergenen 6nr'!$A$1:$O$1310,5,FALSE) -> + | BG73: =VLOOKUP($A73,'[3]allergenen 6nr'!$A$1:$O$1310,6,FALSE) -> X | BH73: =VLOOKUP($A73,'[3]allergenen 6nr'!$A$1:$O$1310,7,FALSE) -> - | BI73: =VLOOKUP($A73,'[3]allergenen 6nr'!$A$1:$O$1310,8,FALSE) -> X | BJ73: =VLOOKUP($A73,'[3]allergenen 6nr'!$A$1:$O$1310,9,FALSE) -> - | BK73: =VLOOKUP($A73,'[3]allergenen 6nr'!$A$1:$O$1310,10,FALSE) -> - | BL73: =VLOOKUP($A73,'[3]allergenen 6nr'!$A$1:$O$1310,11,FALSE) -> - | BM73: =VLOOKUP($A73,'[3]allergenen 6nr'!$A$1:$O$1310,12,FALSE) -> - | BN73: =VLOOKUP($A73,'[3]allergenen 6nr'!$A$1:$O$1310,13,FALSE) -> X | BO73: =VLOOKUP($A73,'[3]allergenen 6nr'!$A$1:$O$1310,14,FALSE) -> - | BP73: =VLOOKUP($A73,'[3]allergenen 6nr'!$A$1:$O$1310,15,FALSE) -> -
A74: 63311100 | B74: =VLOOKUP($A74,[1]maaltijden!$A$1:$IV$65536,4,FALSE) -> DMH TAGLIATELLE HAM KAAS | C74: =VLOOKUP($A74,[1]maaltijden!$A$1:$IV$65536,7,FALSE) -> UK-57 | D74: =VLOOKUP($A74,[1]maaltijden!$A$1:$IV$65536,10,FALSE) -> NVT | E74: =VLOOKUP($A74,[1]maaltijden!$A$1:$IV$65536,13,FALSE) -> DMH X 6 | F74: =IF($D74="Bedrukte folie 470x300",1,0) -> 0 | G74: =VLOOKUP($A74,[1]maaltijden!$A$1:$IV$65536,27,FALSE) -> ! ! | H74: =VLOOKUP($A74,[1]maaltijden!$A$1:$IV$65536,21,FALSE) -> 4 | I74: =VLOOKUP($A74,[1]maaltijden!$A$1:$IV$65536,21,FALSE) -> 4 | J74: =VLOOKUP($A74,[1]maaltijden!$A$1:$IV$65536,18,FALSE) -> 3 | K74: =VLOOKUP($A74,[1]maaltijden!$A$1:$IV$65536,17,FALSE) -> 2.5 | L74: =VLOOKUP($A74,[1]maaltijden!$A$1:$IV$65536,20,FALSE) -> 2200 | M74: =VLOOKUP($A74,[1]maaltijden!$A$1:$IV$65536,22,FALSE) -> 2200 | P74: 0 | Q74: 1 | R74: 0 | S74: 0 | T74: 1 | U74: 1 | V74: 1 | W74: 1 | X74: 1 | Y74: 1 | Z74: 0 | AA74: 0 | AB74: 0 | AC74: 0 | AD74: 0 | AE74: 1 | AF74: 0 | AG74: 1 | AH74: 1 | AI74: 0 | AJ74: 0 | AK74: 0 | AL74: 0 | AM74: 0 | AN74: =IFERROR(INDEX([2]lijnopstellingsfiche!$AP$1:$AP$65536,MATCH(A74,[2]lijnopstellingsfiche!$AQ$1:$AQ$65536,0)),"") -> 1 | AO74: 1 | AP74: 0 | AQ74: 1 | AR74: 0 | AS74: 0 | AT74: 0 | AU74: 0 | AV74: 0 | AW74: 0 | AX74: 0 | AY74: 1 | AZ74: 0 | BA74: 1 | BB74: 0 | BC74: 0 | BD74: =VLOOKUP($A74,'[3]allergenen 6nr'!$A$1:$O$1310,3,FALSE) -> - | BE74: =VLOOKUP($A74,'[3]allergenen 6nr'!$A$1:$O$1310,4,FALSE) -> + | BF74: =VLOOKUP($A74,'[3]allergenen 6nr'!$A$1:$O$1310,5,FALSE) -> + | BG74: =VLOOKUP($A74,'[3]allergenen 6nr'!$A$1:$O$1310,6,FALSE) -> X | BH74: =VLOOKUP($A74,'[3]allergenen 6nr'!$A$1:$O$1310,7,FALSE) -> + | BI74: =VLOOKUP($A74,'[3]allergenen 6nr'!$A$1:$O$1310,8,FALSE) -> X | BJ74: =VLOOKUP($A74,'[3]allergenen 6nr'!$A$1:$O$1310,9,FALSE) -> - | BK74: =VLOOKUP($A74,'[3]allergenen 6nr'!$A$1:$O$1310,10,FALSE) -> - | BL74: =VLOOKUP($A74,'[3]allergenen 6nr'!$A$1:$O$1310,11,FALSE) -> - | BM74: =VLOOKUP($A74,'[3]allergenen 6nr'!$A$1:$O$1310,12,FALSE) -> - | BN74: =VLOOKUP($A74,'[3]allergenen 6nr'!$A$1:$O$1310,13,FALSE) -> X | BO74: =VLOOKUP($A74,'[3]allergenen 6nr'!$A$1:$O$1310,14,FALSE) -> - | BP74: =VLOOKUP($A74,'[3]allergenen 6nr'!$A$1:$O$1310,15,FALSE) -> -
A75: 63311200 | B75: =VLOOKUP($A75,[1]maaltijden!$A$1:$IV$65536,4,FALSE) -> DMH LINGUINE KIP FIJNE KRUIDEN | C75: =VLOOKUP($A75,[1]maaltijden!$A$1:$IV$65536,7,FALSE) -> UK-57 | D75: =VLOOKUP($A75,[1]maaltijden!$A$1:$IV$65536,10,FALSE) -> NVT | E75: =VLOOKUP($A75,[1]maaltijden!$A$1:$IV$65536,13,FALSE) -> DMH X 6 | F75: =IF($D75="Bedrukte folie 470x300",1,0) -> 0 | G75: =VLOOKUP($A75,[1]maaltijden!$A$1:$IV$65536,27,FALSE) -> ! ! | H75: =VLOOKUP($A75,[1]maaltijden!$A$1:$IV$65536,21,FALSE) -> 5 | I75: =VLOOKUP($A75,[1]maaltijden!$A$1:$IV$65536,21,FALSE) -> 5 | J75: =VLOOKUP($A75,[1]maaltijden!$A$1:$IV$65536,18,FALSE) -> 3 | K75: =VLOOKUP($A75,[1]maaltijden!$A$1:$IV$65536,17,FALSE) -> 2.5 | L75: =VLOOKUP($A75,[1]maaltijden!$A$1:$IV$65536,20,FALSE) -> 2200 | M75: =VLOOKUP($A75,[1]maaltijden!$A$1:$IV$65536,22,FALSE) -> 2200 | P75: 0 | Q75: 1 | R75: 0 | S75: 0 | T75: 1 | U75: 1 | V75: 1 | W75: 1 | X75: 1 | Y75: 1 | Z75: 0 | AA75: 0 | AB75: 0 | AC75: 0 | AD75: 0 | AE75: 0 | AF75: 0 | AG75: 1 | AH75: 1 | AI75: 0 | AJ75: 0 | AK75: 0 | AL75: 0 | AM75: 0 | AN75: =IFERROR(INDEX([2]lijnopstellingsfiche!$AP$1:$AP$65536,MATCH(A75,[2]lijnopstellingsfiche!$AQ$1:$AQ$65536,0)),"") -> 1 | AO75: 1 | AP75: 0 | AQ75: 2 | AR75: 0 | AS75: 0 | AT75: 1 | AU75: 0 | AV75: 0 | AW75: 0 | AX75: 0 | AY75: 1 | AZ75: 0 | BA75: 1 | BB75: 0 | BC75: 0 | BD75: =VLOOKUP($A75,'[3]allergenen 6nr'!$A$1:$O$1310,3,FALSE) -> - | BE75: =VLOOKUP($A75,'[3]allergenen 6nr'!$A$1:$O$1310,4,FALSE) -> + | BF75: =VLOOKUP($A75,'[3]allergenen 6nr'!$A$1:$O$1310,5,FALSE) -> + | BG75: =VLOOKUP($A75,'[3]allergenen 6nr'!$A$1:$O$1310,6,FALSE) -> X | BH75: =VLOOKUP($A75,'[3]allergenen 6nr'!$A$1:$O$1310,7,FALSE) -> + | BI75: =VLOOKUP($A75,'[3]allergenen 6nr'!$A$1:$O$1310,8,FALSE) -> X | BJ75: =VLOOKUP($A75,'[3]allergenen 6nr'!$A$1:$O$1310,9,FALSE) -> - | BK75: =VLOOKUP($A75,'[3]allergenen 6nr'!$A$1:$O$1310,10,FALSE) -> - | BL75: =VLOOKUP($A75,'[3]allergenen 6nr'!$A$1:$O$1310,11,FALSE) -> - | BM75: =VLOOKUP($A75,'[3]allergenen 6nr'!$A$1:$O$1310,12,FALSE) -> - | BN75: =VLOOKUP($A75,'[3]allergenen 6nr'!$A$1:$O$1310,13,FALSE) -> X | BO75: =VLOOKUP($A75,'[3]allergenen 6nr'!$A$1:$O$1310,14,FALSE) -> - | BP75: =VLOOKUP($A75,'[3]allergenen 6nr'!$A$1:$O$1310,15,FALSE) -> -
A76: 63311500 | B76: =VLOOKUP($A76,[1]maaltijden!$A$1:$IV$65536,4,FALSE) -> DMH TAGLIATELLE KIP BOSCHAMPIGNONS | C76: =VLOOKUP($A76,[1]maaltijden!$A$1:$IV$65536,7,FALSE) -> UK-57 | D76: =VLOOKUP($A76,[1]maaltijden!$A$1:$IV$65536,10,FALSE) -> NVT | E76: =VLOOKUP($A76,[1]maaltijden!$A$1:$IV$65536,13,FALSE) -> DMH X 6 | F76: =IF($D76="Bedrukte folie 470x300",1,0) -> 0 | G76: =VLOOKUP($A76,[1]maaltijden!$A$1:$IV$65536,27,FALSE) -> ! ! | H76: =VLOOKUP($A76,[1]maaltijden!$A$1:$IV$65536,21,FALSE) -> 5 | I76: =VLOOKUP($A76,[1]maaltijden!$A$1:$IV$65536,21,FALSE) -> 5 | J76: =VLOOKUP($A76,[1]maaltijden!$A$1:$IV$65536,18,FALSE) -> 3 | K76: =VLOOKUP($A76,[1]maaltijden!$A$1:$IV$65536,17,FALSE) -> 2.5 | L76: =VLOOKUP($A76,[1]maaltijden!$A$1:$IV$65536,20,FALSE) -> 2200 | M76: =VLOOKUP($A76,[1]maaltijden!$A$1:$IV$65536,22,FALSE) -> 2200 | P76: 0 | Q76: 1 | R76: 0 | S76: 0 | T76: 1 | U76: 1 | V76: 1 | W76: 1 | X76: 1 | Y76: 1 | Z76: 0 | AA76: 0 | AB76: 0 | AC76: 0 | AD76: 0 | AE76: 0 | AF76: 0 | AG76: 1 | AH76: 1 | AI76: 0 | AJ76: 0 | AK76: 0 | AL76: 0 | AM76: 0 | AN76: =IFERROR(INDEX([2]lijnopstellingsfiche!$AP$1:$AP$65536,MATCH(A76,[2]lijnopstellingsfiche!$AQ$1:$AQ$65536,0)),"") -> 1 | AO76: 1 | AP76: 0 | AQ76: 2 | AR76: 0 | AS76: 0 | AT76: 1 | AU76: 0 | AV76: 0 | AW76: 0 | AX76: 0 | AY76: 1 | AZ76: 0 | BA76: 1 | BB76: 0 | BC76: 0 | BD76: =VLOOKUP($A76,'[3]allergenen 6nr'!$A$1:$O$1310,3,FALSE) -> - | BE76: =VLOOKUP($A76,'[3]allergenen 6nr'!$A$1:$O$1310,4,FALSE) -> + | BF76: =VLOOKUP($A76,'[3]allergenen 6nr'!$A$1:$O$1310,5,FALSE) -> + | BG76: =VLOOKUP($A76,'[3]allergenen 6nr'!$A$1:$O$1310,6,FALSE) -> X | BH76: =VLOOKUP($A76,'[3]allergenen 6nr'!$A$1:$O$1310,7,FALSE) -> + | BI76: =VLOOKUP($A76,'[3]allergenen 6nr'!$A$1:$O$1310,8,FALSE) -> X | BJ76: =VLOOKUP($A76,'[3]allergenen 6nr'!$A$1:$O$1310,9,FALSE) -> - | BK76: =VLOOKUP($A76,'[3]allergenen 6nr'!$A$1:$O$1310,10,FALSE) -> - | BL76: =VLOOKUP($A76,'[3]allergenen 6nr'!$A$1:$O$1310,11,FALSE) -> - | BM76: =VLOOKUP($A76,'[3]allergenen 6nr'!$A$1:$O$1310,12,FALSE) -> - | BN76: =VLOOKUP($A76,'[3]allergenen 6nr'!$A$1:$O$1310,13,FALSE) -> X | BO76: =VLOOKUP($A76,'[3]allergenen 6nr'!$A$1:$O$1310,14,FALSE) -> - | BP76: =VLOOKUP($A76,'[3]allergenen 6nr'!$A$1:$O$1310,15,FALSE) -> -
A77: 63311600 | B77: =VLOOKUP($A77,[1]maaltijden!$A$1:$IV$65536,4,FALSE) -> DMH TAGLIATELLE GEROOKTE ZALM GROENE ASPERGES | C77: =VLOOKUP($A77,[1]maaltijden!$A$1:$IV$65536,7,FALSE) -> UK-57 | D77: =VLOOKUP($A77,[1]maaltijden!$A$1:$IV$65536,10,FALSE) -> NVT | E77: =VLOOKUP($A77,[1]maaltijden!$A$1:$IV$65536,13,FALSE) -> DMH X 6 | F77: =IF($D77="Bedrukte folie 470x300",1,0) -> 0 | G77: =VLOOKUP($A77,[1]maaltijden!$A$1:$IV$65536,27,FALSE) -> ! ! ! ! | H77: =VLOOKUP($A77,[1]maaltijden!$A$1:$IV$65536,21,FALSE) -> 6 | I77: =VLOOKUP($A77,[1]maaltijden!$A$1:$IV$65536,21,FALSE) -> 6 | J77: =VLOOKUP($A77,[1]maaltijden!$A$1:$IV$65536,18,FALSE) -> 3 | K77: =VLOOKUP($A77,[1]maaltijden!$A$1:$IV$65536,17,FALSE) -> 2.5 | L77: =VLOOKUP($A77,[1]maaltijden!$A$1:$IV$65536,20,FALSE) -> 2200 | M77: =VLOOKUP($A77,[1]maaltijden!$A$1:$IV$65536,22,FALSE) -> 2200 | P77: 0 | Q77: 1 | R77: 0 | S77: 0 | T77: 1 | U77: 0 | V77: 1 | W77: 1 | X77: 1 | Y77: 1 | Z77: 0 | AA77: 0 | AB77: 0 | AC77: 0 | AD77: 0 | AE77: 1 | AF77: 0 | AG77: 1 | AH77: 1 | AI77: 0 | AJ77: 0 | AK77: 0 | AL77: 0 | AM77: 0 | AN77: =IFERROR(INDEX([2]lijnopstellingsfiche!$AP$1:$AP$65536,MATCH(A77,[2]lijnopstellingsfiche!$AQ$1:$AQ$65536,0)),"") -> 2 | AO77: 1 | AP77: 0 | AQ77: 2 | AR77: 0 | AS77: 0 | AT77: 1 | AU77: 0 | AV77: 0 | AW77: 0 | AX77: 0 | AY77: 1 | AZ77: 0 | BA77: 1 | BB77: 0 | BC77: 0 | BD77: =VLOOKUP($A77,'[3]allergenen 6nr'!$A$1:$O$1310,3,FALSE) -> - | BE77: =VLOOKUP($A77,'[3]allergenen 6nr'!$A$1:$O$1310,4,FALSE) -> + | BF77: =VLOOKUP($A77,'[3]allergenen 6nr'!$A$1:$O$1310,5,FALSE) -> + | BG77: =VLOOKUP($A77,'[3]allergenen 6nr'!$A$1:$O$1310,6,FALSE) -> X | BH77: =VLOOKUP($A77,'[3]allergenen 6nr'!$A$1:$O$1310,7,FALSE) -> + | BI77: =VLOOKUP($A77,'[3]allergenen 6nr'!$A$1:$O$1310,8,FALSE) -> + | BJ77: =VLOOKUP($A77,'[3]allergenen 6nr'!$A$1:$O$1310,9,FALSE) -> - | BK77: =VLOOKUP($A77,'[3]allergenen 6nr'!$A$1:$O$1310,10,FALSE) -> X | BL77: =VLOOKUP($A77,'[3]allergenen 6nr'!$A$1:$O$1310,11,FALSE) -> - | BM77: =VLOOKUP($A77,'[3]allergenen 6nr'!$A$1:$O$1310,12,FALSE) -> - | BN77: =VLOOKUP($A77,'[3]allergenen 6nr'!$A$1:$O$1310,13,FALSE) -> X | BO77: =VLOOKUP($A77,'[3]allergenen 6nr'!$A$1:$O$1310,14,FALSE) -> + | BP77: =VLOOKUP($A77,'[3]allergenen 6nr'!$A$1:$O$1310,15,FALSE) -> X
A78: 63311700 | B78: =VLOOKUP($A78,[1]maaltijden!$A$1:$IV$65536,4,FALSE) -> DMH TAGLIATELLE SCAMPI LOOKSAUS | C78: =VLOOKUP($A78,[1]maaltijden!$A$1:$IV$65536,7,FALSE) -> UK-57 | D78: =VLOOKUP($A78,[1]maaltijden!$A$1:$IV$65536,10,FALSE) -> NVT | E78: =VLOOKUP($A78,[1]maaltijden!$A$1:$IV$65536,13,FALSE) -> DMH X 6 | F78: =IF($D78="Bedrukte folie 470x300",1,0) -> 0 | G78: =VLOOKUP($A78,[1]maaltijden!$A$1:$IV$65536,27,FALSE) -> ! ! ! ! | H78: =VLOOKUP($A78,[1]maaltijden!$A$1:$IV$65536,21,FALSE) -> 4 | I78: =VLOOKUP($A78,[1]maaltijden!$A$1:$IV$65536,21,FALSE) -> 4 | J78: =VLOOKUP($A78,[1]maaltijden!$A$1:$IV$65536,18,FALSE) -> 3 | K78: =VLOOKUP($A78,[1]maaltijden!$A$1:$IV$65536,17,FALSE) -> 2.5 | L78: =VLOOKUP($A78,[1]maaltijden!$A$1:$IV$65536,20,FALSE) -> 2200 | M78: =VLOOKUP($A78,[1]maaltijden!$A$1:$IV$65536,22,FALSE) -> 2200 | P78: 0 | Q78: 1 | R78: 0 | S78: 0 | T78: 1 | U78: 1 | V78: 1 | W78: 1 | X78: 1 | Y78: 1 | Z78: 0 | AA78: 0 | AB78: 0 | AC78: 0 | AD78: 0 | AE78: 0 | AF78: 0 | AG78: 1 | AH78: 1 | AI78: 0 | AJ78: 0 | AK78: 0 | AL78: 0 | AM78: 0 | AN78: =IFERROR(INDEX([2]lijnopstellingsfiche!$AP$1:$AP$65536,MATCH(A78,[2]lijnopstellingsfiche!$AQ$1:$AQ$65536,0)),"") -> 1 | AO78: 1 | AP78: 0 | AQ78: 2 | AR78: 0 | AS78: 0 | AT78: 1 | AU78: 0 | AV78: 0 | AW78: 0 | AX78: 0 | AY78: 1 | AZ78: 0 | BA78: 1 | BB78: 0 | BC78: 0 | BD78: =VLOOKUP($A78,'[3]allergenen 6nr'!$A$1:$O$1310,3,FALSE) -> - | BE78: =VLOOKUP($A78,'[3]allergenen 6nr'!$A$1:$O$1310,4,FALSE) -> + | BF78: =VLOOKUP($A78,'[3]allergenen 6nr'!$A$1:$O$1310,5,FALSE) -> + | BG78: =VLOOKUP($A78,'[3]allergenen 6nr'!$A$1:$O$1310,6,FALSE) -> X | BH78: =VLOOKUP($A78,'[3]allergenen 6nr'!$A$1:$O$1310,7,FALSE) -> + | BI78: =VLOOKUP($A78,'[3]allergenen 6nr'!$A$1:$O$1310,8,FALSE) -> X | BJ78: =VLOOKUP($A78,'[3]allergenen 6nr'!$A$1:$O$1310,9,FALSE) -> - | BK78: =VLOOKUP($A78,'[3]allergenen 6nr'!$A$1:$O$1310,10,FALSE) -> + | BL78: =VLOOKUP($A78,'[3]allergenen 6nr'!$A$1:$O$1310,11,FALSE) -> - | BM78: =VLOOKUP($A78,'[3]allergenen 6nr'!$A$1:$O$1310,12,FALSE) -> - | BN78: =VLOOKUP($A78,'[3]allergenen 6nr'!$A$1:$O$1310,13,FALSE) -> X | BO78: =VLOOKUP($A78,'[3]allergenen 6nr'!$A$1:$O$1310,14,FALSE) -> + | BP78: =VLOOKUP($A78,'[3]allergenen 6nr'!$A$1:$O$1310,15,FALSE) -> X
A79: 63311800 | B79: =VLOOKUP($A79,[1]maaltijden!$A$1:$IV$65536,4,FALSE) -> DMH LINGUINE SCAMPI DIABOLIQUE | C79: =VLOOKUP($A79,[1]maaltijden!$A$1:$IV$65536,7,FALSE) -> UK-57 | D79: =VLOOKUP($A79,[1]maaltijden!$A$1:$IV$65536,10,FALSE) -> NVT | E79: =VLOOKUP($A79,[1]maaltijden!$A$1:$IV$65536,13,FALSE) -> DMH X 6 | F79: =IF($D79="Bedrukte folie 470x300",1,0) -> 0 | G79: =VLOOKUP($A79,[1]maaltijden!$A$1:$IV$65536,27,FALSE) -> ! ! ! ! | H79: =VLOOKUP($A79,[1]maaltijden!$A$1:$IV$65536,21,FALSE) -> 5 | I79: =VLOOKUP($A79,[1]maaltijden!$A$1:$IV$65536,21,FALSE) -> 5 | J79: =VLOOKUP($A79,[1]maaltijden!$A$1:$IV$65536,18,FALSE) -> 3 | K79: =VLOOKUP($A79,[1]maaltijden!$A$1:$IV$65536,17,FALSE) -> 2.5 | L79: =VLOOKUP($A79,[1]maaltijden!$A$1:$IV$65536,20,FALSE) -> 2200 | M79: =VLOOKUP($A79,[1]maaltijden!$A$1:$IV$65536,22,FALSE) -> 2200 | P79: 0 | Q79: 1 | R79: 0 | S79: 0 | T79: 1 | U79: 1 | V79: 1 | W79: 1 | X79: 1 | Y79: 1 | Z79: 0 | AA79: 0 | AB79: 0 | AC79: 0 | AD79: 0 | AE79: 0 | AF79: 0 | AG79: 1 | AH79: 1 | AI79: 0 | AJ79: 0 | AK79: 0 | AL79: 0 | AM79: 0 | AN79: =IFERROR(INDEX([2]lijnopstellingsfiche!$AP$1:$AP$65536,MATCH(A79,[2]lijnopstellingsfiche!$AQ$1:$AQ$65536,0)),"") -> 2 | AO79: 1 | AP79: 0 | AQ79: 2 | AR79: 0 | AS79: 0 | AT79: 1 | AU79: 0 | AV79: 0 | AW79: 0 | AX79: 0 | AY79: 1 | AZ79: 0 | BA79: 1 | BB79: 0 | BC79: 0 | BD79: =VLOOKUP($A79,'[3]allergenen 6nr'!$A$1:$O$1310,3,FALSE) -> - | BE79: =VLOOKUP($A79,'[3]allergenen 6nr'!$A$1:$O$1310,4,FALSE) -> X | BF79: =VLOOKUP($A79,'[3]allergenen 6nr'!$A$1:$O$1310,5,FALSE) -> + | BG79: =VLOOKUP($A79,'[3]allergenen 6nr'!$A$1:$O$1310,6,FALSE) -> X | BH79: =VLOOKUP($A79,'[3]allergenen 6nr'!$A$1:$O$1310,7,FALSE) -> + | BI79: =VLOOKUP($A79,'[3]allergenen 6nr'!$A$1:$O$1310,8,FALSE) -> X | BJ79: =VLOOKUP($A79,'[3]allergenen 6nr'!$A$1:$O$1310,9,FALSE) -> - | BK79: =VLOOKUP($A79,'[3]allergenen 6nr'!$A$1:$O$1310,10,FALSE) -> + | BL79: =VLOOKUP($A79,'[3]allergenen 6nr'!$A$1:$O$1310,11,FALSE) -> - | BM79: =VLOOKUP($A79,'[3]allergenen 6nr'!$A$1:$O$1310,12,FALSE) -> - | BN79: =VLOOKUP($A79,'[3]allergenen 6nr'!$A$1:$O$1310,13,FALSE) -> X | BO79: =VLOOKUP($A79,'[3]allergenen 6nr'!$A$1:$O$1310,14,FALSE) -> + | BP79: =VLOOKUP($A79,'[3]allergenen 6nr'!$A$1:$O$1310,15,FALSE) -> X
... A92: 63314700 | B92: =VLOOKUP($A92,[1]maaltijden!$A$1:$IV$65536,4,FALSE) -> DMH GEHAKTSCHOTEL MET WORTEL | C92: =VLOOKUP($A92,[1]maaltijden!$A$1:$IV$65536,7,FALSE) -> UK-57 | D92: =VLOOKUP($A92,[1]maaltijden!$A$1:$IV$65536,10,FALSE) -> NVT | E92: =VLOOKUP($A92,[1]maaltijden!$A$1:$IV$65536,13,FALSE) -> DMH X 6 | F92: =IF($D92="Bedrukte folie 470x300",1,0) -> 0 | G92: =VLOOKUP($A92,[1]maaltijden!$A$1:$IV$65536,27,FALSE) -> ! ! ! | H92: =VLOOKUP($A92,[1]maaltijden!$A$1:$IV$65536,21,FALSE) -> 2 | I92: =VLOOKUP($A92,[1]maaltijden!$A$1:$IV$65536,21,FALSE) -> 2 | J92: =VLOOKUP($A92,[1]maaltijden!$A$1:$IV$65536,18,FALSE) -> 3 | K92: =VLOOKUP($A92,[1]maaltijden!$A$1:$IV$65536,17,FALSE) -> 2 | L92: =VLOOKUP($A92,[1]maaltijden!$A$1:$IV$65536,20,FALSE) -> 2000 | M92: =VLOOKUP($A92,[1]maaltijden!$A$1:$IV$65536,22,FALSE) -> 2000 | P92: 0 | Q92: 1 | R92: 0 | S92: 0 | T92: 1 | U92: 0 | V92: 1 | W92: 1 | X92: 1 | Y92: 1 | Z92: 0 | AA92: 0 | AB92: 0 | AC92: 0 | AD92: 0 | AE92: 1 | AF92: 0 | AG92: 0 | AH92: 1 | AI92: 1 | AJ92: 0 | AK92: 0 | AL92: 0 | AM92: 0 | AN92: =IFERROR(INDEX([2]lijnopstellingsfiche!$AP$1:$AP$65536,MATCH(A92,[2]lijnopstellingsfiche!$AQ$1:$AQ$65536,0)),"") -> - | AO92: 0 | AP92: 1 | AQ92: 1 | AR92: 1 | AS92: 0 | AT92: 0 | AU92: 0 | AV92: 0 | AW92: 0 | AX92: 0 | AY92: 1 | AZ92: 0 | BA92: 1 | BB92: 0 | BC92: 0 | BD92: =VLOOKUP($A92,'[3]allergenen 6nr'!$A$1:$O$1310,3,FALSE) -> - | BE92: =VLOOKUP($A92,'[3]allergenen 6nr'!$A$1:$O$1310,4,FALSE) -> + | BF92: =VLOOKUP($A92,'[3]allergenen 6nr'!$A$1:$O$1310,5,FALSE) -> - | BG92: =VLOOKUP($A92,'[3]allergenen 6nr'!$A$1:$O$1310,6,FALSE) -> - | BH92: =VLOOKUP($A92,'[3]allergenen 6nr'!$A$1:$O$1310,7,FALSE) -> + | BI92: =VLOOKUP($A92,'[3]allergenen 6nr'!$A$1:$O$1310,8,FALSE) -> - | BJ92: =VLOOKUP($A92,'[3]allergenen 6nr'!$A$1:$O$1310,9,FALSE) -> - | BK92: =VLOOKUP($A92,'[3]allergenen 6nr'!$A$1:$O$1310,10,FALSE) -> - | BL92: =VLOOKUP($A92,'[3]allergenen 6nr'!$A$1:$O$1310,11,FALSE) -> + | BM92: =VLOOKUP($A92,'[3]allergenen 6nr'!$A$1:$O$1310,12,FALSE) -> - | BN92: =VLOOKUP($A92,'[3]allergenen 6nr'!$A$1:$O$1310,13,FALSE) -> - | BO92: =VLOOKUP($A92,'[3]allergenen 6nr'!$A$1:$O$1310,14,FALSE) -> - | BP92: =VLOOKUP($A92,'[3]allergenen 6nr'!$A$1:$O$1310,15,FALSE) -> -
A93: 63317400 | B93: =VLOOKUP($A93,[1]maaltijden!$A$1:$IV$65536,4,FALSE) -> DMH KIP KORMA MET RIJST | C93: =VLOOKUP($A93,[1]maaltijden!$A$1:$IV$65536,7,FALSE) -> UK-57 | D93: =VLOOKUP($A93,[1]maaltijden!$A$1:$IV$65536,10,FALSE) -> NVT | E93: =VLOOKUP($A93,[1]maaltijden!$A$1:$IV$65536,13,FALSE) -> DMH X 6 | F93: =IF($D93="Bedrukte folie 470x300",1,0) -> 0 | G93: =VLOOKUP($A93,[1]maaltijden!$A$1:$IV$65536,27,FALSE) -> ! ! ! ! ! | H93: =VLOOKUP($A93,[1]maaltijden!$A$1:$IV$65536,21,FALSE) -> 5 | I93: =VLOOKUP($A93,[1]maaltijden!$A$1:$IV$65536,21,FALSE) -> 5 | J93: =VLOOKUP($A93,[1]maaltijden!$A$1:$IV$65536,18,FALSE) -> 3 | K93: =VLOOKUP($A93,[1]maaltijden!$A$1:$IV$65536,17,FALSE) -> 2 | L93: =VLOOKUP($A93,[1]maaltijden!$A$1:$IV$65536,20,FALSE) -> 2200 | M93: =VLOOKUP($A93,[1]maaltijden!$A$1:$IV$65536,22,FALSE) -> 2200 | N93: Rijst D-1 | P93: 0 | Q93: 1 | R93: 0 | S93: 0 | T93: 1 | U93: 0 | V93: 1 | W93: 1 | X93: 1 | Y93: 1 | Z93: 1 | AA93: 0 | AB93: 0 | AC93: 0 | AD93: 0 | AE93: 1 | AF93: 0 | AG93: 1 | AH93: 1 | AI93: 0 | AJ93: 0 | AK93: 0 | AL93: 0 | AM93: 0 | AN93: =IFERROR(INDEX([2]lijnopstellingsfiche!$AP$1:$AP$65536,MATCH(A93,[2]lijnopstellingsfiche!$AQ$1:$AQ$65536,0)),"") -> 1 | AO93: 0 | AP93: 0 | AQ93: 1 | AR93: 0 | AS93: 0 | AT93: 1 | AU93: 0 | AV93: 0 | AW93: 0 | AX93: 0 | AY93: 1 | AZ93: 0 | BA93: 1 | BB93: 0 | BC93: 0 | BD93: =VLOOKUP($A93,'[3]allergenen 6nr'!$A$1:$O$1310,3,FALSE) -> - | BE93: =VLOOKUP($A93,'[3]allergenen 6nr'!$A$1:$O$1310,4,FALSE) -> X | BF93: =VLOOKUP($A93,'[3]allergenen 6nr'!$A$1:$O$1310,5,FALSE) -> X | BG93: =VLOOKUP($A93,'[3]allergenen 6nr'!$A$1:$O$1310,6,FALSE) -> X | BH93: =VLOOKUP($A93,'[3]allergenen 6nr'!$A$1:$O$1310,7,FALSE) -> + | BI93: =VLOOKUP($A93,'[3]allergenen 6nr'!$A$1:$O$1310,8,FALSE) -> X | BJ93: =VLOOKUP($A93,'[3]allergenen 6nr'!$A$1:$O$1310,9,FALSE) -> + | BK93: =VLOOKUP($A93,'[3]allergenen 6nr'!$A$1:$O$1310,10,FALSE) -> - | BL93: =VLOOKUP($A93,'[3]allergenen 6nr'!$A$1:$O$1310,11,FALSE) -> - | BM93: =VLOOKUP($A93,'[3]allergenen 6nr'!$A$1:$O$1310,12,FALSE) -> X | BN93: =VLOOKUP($A93,'[3]allergenen 6nr'!$A$1:$O$1310,13,FALSE) -> X | BO93: =VLOOKUP($A93,'[3]allergenen 6nr'!$A$1:$O$1310,14,FALSE) -> - | BP93: =VLOOKUP($A93,'[3]allergenen 6nr'!$A$1:$O$1310,15,FALSE) -> -
A94: 63317900 | B94: =VLOOKUP($A94,[1]maaltijden!$A$1:$IV$65536,4,FALSE) -> DMH RISOTTO KIP BOSCHAMPIGNONS | C94: =VLOOKUP($A94,[1]maaltijden!$A$1:$IV$65536,7,FALSE) -> UK-57 | D94: =VLOOKUP($A94,[1]maaltijden!$A$1:$IV$65536,10,FALSE) -> NVT | E94: =VLOOKUP($A94,[1]maaltijden!$A$1:$IV$65536,13,FALSE) -> DMH X 6 | F94: =IF($D94="Bedrukte folie 470x300",1,0) -> 0 | G94: =VLOOKUP($A94,[1]maaltijden!$A$1:$IV$65536,27,FALSE) -> ! ! ! | H94: =VLOOKUP($A94,[1]maaltijden!$A$1:$IV$65536,21,FALSE) -> 5 | I94: =VLOOKUP($A94,[1]maaltijden!$A$1:$IV$65536,21,FALSE) -> 5 | J94: =VLOOKUP($A94,[1]maaltijden!$A$1:$IV$65536,18,FALSE) -> 3 | K94: =VLOOKUP($A94,[1]maaltijden!$A$1:$IV$65536,17,FALSE) -> 2 | L94: =VLOOKUP($A94,[1]maaltijden!$A$1:$IV$65536,20,FALSE) -> 2000 | M94: =VLOOKUP($A94,[1]maaltijden!$A$1:$IV$65536,22,FALSE) -> 2000 | P94: 0 | Q94: 1 | R94: 0 | S94: 0 | T94: 1 | U94: 1 | V94: 1 | W94: 1 | X94: 1 | Y94: 1 | Z94: 0 | AA94: 0 | AB94: 0 | AC94: 0 | AD94: 0 | AE94: 1 | AF94: 0 | AG94: 1 | AM94: 0 | AN94: =IFERROR(INDEX([2]lijnopstellingsfiche!$AP$1:$AP$65536,MATCH(A94,[2]lijnopstellingsfiche!$AQ$1:$AQ$65536,0)),"") -> 2 | AO94: 1 | AP94: 0 | AQ94: 1 | AR94: 0 | AS94: 0 | AT94: 1 | AU94: 0 | AV94: 0 | AW94: 0 | AX94: 0 | AY94: 1 | AZ94: 0 | BA94: 1 | BB94: 0 | BC94: 0 | BD94: =VLOOKUP($A94,'[3]allergenen 6nr'!$A$1:$O$1310,3,FALSE) -> - | BE94: =VLOOKUP($A94,'[3]allergenen 6nr'!$A$1:$O$1310,4,FALSE) -> - | BF94: =VLOOKUP($A94,'[3]allergenen 6nr'!$A$1:$O$1310,5,FALSE) -> + | BG94: =VLOOKUP($A94,'[3]allergenen 6nr'!$A$1:$O$1310,6,FALSE) -> - | BH94: =VLOOKUP($A94,'[3]allergenen 6nr'!$A$1:$O$1310,7,FALSE) -> + | BI94: =VLOOKUP($A94,'[3]allergenen 6nr'!$A$1:$O$1310,8,FALSE) -> - | BJ94: =VLOOKUP($A94,'[3]allergenen 6nr'!$A$1:$O$1310,9,FALSE) -> - | BK94: =VLOOKUP($A94,'[3]allergenen 6nr'!$A$1:$O$1310,10,FALSE) -> - | BL94: =VLOOKUP($A94,'[3]allergenen 6nr'!$A$1:$O$1310,11,FALSE) -> + | BM94: =VLOOKUP($A94,'[3]allergenen 6nr'!$A$1:$O$1310,12,FALSE) -> - | BN94: =VLOOKUP($A94,'[3]allergenen 6nr'!$A$1:$O$1310,13,FALSE) -> - | BO94: =VLOOKUP($A94,'[3]allergenen 6nr'!$A$1:$O$1310,14,FALSE) -> - | BP94: =VLOOKUP($A94,'[3]allergenen 6nr'!$A$1:$O$1310,15,FALSE) -> -
A95: 63318100 | B95: =VLOOKUP($A95,[1]maaltijden!$A$1:$IV$65536,4,FALSE) -> DMH BOUILLABAISE | C95: =VLOOKUP($A95,[1]maaltijden!$A$1:$IV$65536,7,FALSE) -> UK-57 | D95: =VLOOKUP($A95,[1]maaltijden!$A$1:$IV$65536,10,FALSE) -> NVT | E95: =VLOOKUP($A95,[1]maaltijden!$A$1:$IV$65536,13,FALSE) -> DMH X 6 | F95: =IF($D95="Bedrukte folie 470x300",1,0) -> 0 | G95: =VLOOKUP($A95,[1]maaltijden!$A$1:$IV$65536,27,FALSE) -> ! ! ! ! | H95: =VLOOKUP($A95,[1]maaltijden!$A$1:$IV$65536,21,FALSE) -> 6 | I95: =VLOOKUP($A95,[1]maaltijden!$A$1:$IV$65536,21,FALSE) -> 6 | J95: =VLOOKUP($A95,[1]maaltijden!$A$1:$IV$65536,18,FALSE) -> 3 | K95: =VLOOKUP($A95,[1]maaltijden!$A$1:$IV$65536,17,FALSE) -> 1 | L95: =VLOOKUP($A95,[1]maaltijden!$A$1:$IV$65536,20,FALSE) -> 1750 | M95: =VLOOKUP($A95,[1]maaltijden!$A$1:$IV$65536,22,FALSE) -> 1750 | P95: 0 | Q95: 1 | R95: 0 | S95: 0 | T95: 1 | U95: 1 | V95: 1 | W95: 1 | X95: 1 | Y95: 1 | Z95: 0 | AA95: 0 | AB95: 0 | AC95: 0 | AD95: 0 | AE95: 0 | AF95: 0 | AG95: 0 | AM95: 0 | AN95: =IFERROR(INDEX([2]lijnopstellingsfiche!$AP$1:$AP$65536,MATCH(A95,[2]lijnopstellingsfiche!$AQ$1:$AQ$65536,0)),"") -> - | AO95: 0 | AP95: 0 | AQ95: 1 | AR95: 0 | AS95: 0 | AT95: 1 | AU95: 0 | AV95: 0 | AW95: 0 | AX95: 0 | AY95: 1 | AZ95: 0 | BA95: 1 | BB95: 0 | BC95: 0 | BD95: =VLOOKUP($A95,'[3]allergenen 6nr'!$A$1:$O$1310,3,FALSE) -> - | BE95: =VLOOKUP($A95,'[3]allergenen 6nr'!$A$1:$O$1310,4,FALSE) -> - | BF95: =VLOOKUP($A95,'[3]allergenen 6nr'!$A$1:$O$1310,5,FALSE) -> + | BG95: =VLOOKUP($A95,'[3]allergenen 6nr'!$A$1:$O$1310,6,FALSE) -> - | BH95: =VLOOKUP($A95,'[3]allergenen 6nr'!$A$1:$O$1310,7,FALSE) -> + | BI95: =VLOOKUP($A95,'[3]allergenen 6nr'!$A$1:$O$1310,8,FALSE) -> - | BJ95: =VLOOKUP($A95,'[3]allergenen 6nr'!$A$1:$O$1310,9,FALSE) -> - | BK95: =VLOOKUP($A95,'[3]allergenen 6nr'!$A$1:$O$1310,10,FALSE) -> + | BL95: =VLOOKUP($A95,'[3]allergenen 6nr'!$A$1:$O$1310,11,FALSE) -> + | BM95: =VLOOKUP($A95,'[3]allergenen 6nr'!$A$1:$O$1310,12,FALSE) -> - | BN95: =VLOOKUP($A95,'[3]allergenen 6nr'!$A$1:$O$1310,13,FALSE) -> X | BO95: =VLOOKUP($A95,'[3]allergenen 6nr'!$A$1:$O$1310,14,FALSE) -> + | BP95: =VLOOKUP($A95,'[3]allergenen 6nr'!$A$1:$O$1310,15,FALSE) -> +
A96: 63318200 | B96: =VLOOKUP($A96,[1]maaltijden!$A$1:$IV$65536,4,FALSE) -> DMH PENNE ARRABIATA | C96: =VLOOKUP($A96,[1]maaltijden!$A$1:$IV$65536,7,FALSE) -> UK-57 | D96: =VLOOKUP($A96,[1]maaltijden!$A$1:$IV$65536,10,FALSE) -> NVT | E96: =VLOOKUP($A96,[1]maaltijden!$A$1:$IV$65536,13,FALSE) -> DMH X 6 | F96: =IF($D96="Bedrukte folie 470x300",1,0) -> 0 | G96: =VLOOKUP($A96,[1]maaltijden!$A$1:$IV$65536,27,FALSE) -> ! ! | H96: =VLOOKUP($A96,[1]maaltijden!$A$1:$IV$65536,21,FALSE) -> 4 | I96: =VLOOKUP($A96,[1]maaltijden!$A$1:$IV$65536,21,FALSE) -> 4 | J96: =VLOOKUP($A96,[1]maaltijden!$A$1:$IV$65536,18,FALSE) -> 3 | K96: =VLOOKUP($A96,[1]maaltijden!$A$1:$IV$65536,17,FALSE) -> 2 | L96: =VLOOKUP($A96,[1]maaltijden!$A$1:$IV$65536,20,FALSE) -> 2500 | M96: =VLOOKUP($A96,[1]maaltijden!$A$1:$IV$65536,22,FALSE) -> 2500 | P96: 0 | Q96: 1 | R96: 0 | S96: 0 | T96: 1 | U96: 1 | V96: 1 | W96: 1 | X96: 1 | Y96: 1 | Z96: 0 | AA96: 0 | AB96: 0 | AC96: 0 | AD96: 0 | AE96: 0 | AF96: 0 | AG96: 1 | AM96: 0 | AN96: =IFERROR(INDEX([2]lijnopstellingsfiche!$AP$1:$AP$65536,MATCH(A96,[2]lijnopstellingsfiche!$AQ$1:$AQ$65536,0)),"") -> 1 | AO96: 1 | AP96: 0 | AQ96: 1 | AR96: 0 | AS96: 0 | AT96: 0 | AU96: 0 | AV96: 0 | AW96: 0 | AX96: 0 | AY96: 1 | AZ96: 0 | BA96: 1 | BB96: 0 | BC96: 0 | BD96: =VLOOKUP($A96,'[3]allergenen 6nr'!$A$1:$O$1310,3,FALSE) -> - | BE96: =VLOOKUP($A96,'[3]allergenen 6nr'!$A$1:$O$1310,4,FALSE) -> X | BF96: =VLOOKUP($A96,'[3]allergenen 6nr'!$A$1:$O$1310,5,FALSE) -> + | BG96: =VLOOKUP($A96,'[3]allergenen 6nr'!$A$1:$O$1310,6,FALSE) -> X | BH96: =VLOOKUP($A96,'[3]allergenen 6nr'!$A$1:$O$1310,7,FALSE) -> + | BI96: =VLOOKUP($A96,'[3]allergenen 6nr'!$A$1:$O$1310,8,FALSE) -> X | BJ96: =VLOOKUP($A96,'[3]allergenen 6nr'!$A$1:$O$1310,9,FALSE) -> - | BK96: =VLOOKUP($A96,'[3]allergenen 6nr'!$A$1:$O$1310,10,FALSE) -> - | BL96: =VLOOKUP($A96,'[3]allergenen 6nr'!$A$1:$O$1310,11,FALSE) -> - | BM96: =VLOOKUP($A96,'[3]allergenen 6nr'!$A$1:$O$1310,12,FALSE) -> - | BN96: =VLOOKUP($A96,'[3]allergenen 6nr'!$A$1:$O$1310,13,FALSE) -> X | BO96: =VLOOKUP($A96,'[3]allergenen 6nr'!$A$1:$O$1310,14,FALSE) -> - | BP96: =VLOOKUP($A96,'[3]allergenen 6nr'!$A$1:$O$1310,15,FALSE) -> -
A97: 63318300 | B97: =VLOOKUP($A97,[1]maaltijden!$A$1:$IV$65536,4,FALSE) -> DMH CANNELONI RU VLEES TOMATENSAUS SPINAZIE | C97: =VLOOKUP($A97,[1]maaltijden!$A$1:$IV$65536,7,FALSE) -> UK-57 | D97: =VLOOKUP($A97,[1]maaltijden!$A$1:$IV$65536,10,FALSE) -> NVT | E97: =VLOOKUP($A97,[1]maaltijden!$A$1:$IV$65536,13,FALSE) -> DMH X 6 | F97: =IF($D97="Bedrukte folie 470x300",1,0) -> 0 | G97: =VLOOKUP($A97,[1]maaltijden!$A$1:$IV$65536,27,FALSE) -> ! ! ! | H97: =VLOOKUP($A97,[1]maaltijden!$A$1:$IV$65536,21,FALSE) -> 5 | I97: =VLOOKUP($A97,[1]maaltijden!$A$1:$IV$65536,21,FALSE) -> 5 | J97: =VLOOKUP($A97,[1]maaltijden!$A$1:$IV$65536,18,FALSE) -> 3 | K97: =VLOOKUP($A97,[1]maaltijden!$A$1:$IV$65536,17,FALSE) -> 3 | L97: =VLOOKUP($A97,[1]maaltijden!$A$1:$IV$65536,20,FALSE) -> 2000 | M97: =VLOOKUP($A97,[1]maaltijden!$A$1:$IV$65536,22,FALSE) -> 2000 | P97: 0 | Q97: 1 | R97: 0 | S97: 0 | T97: 1 | U97: 1 | V97: 1 | W97: 1 | X97: 1 | Y97: 1 | Z97: 0 | AA97: 0 | AB97: 0 | AC97: 0 | AD97: 0 | AE97: 0 | AF97: 0 | AG97: 0 | AM97: 0 | AN97: =IFERROR(INDEX([2]lijnopstellingsfiche!$AP$1:$AP$65536,MATCH(A97,[2]lijnopstellingsfiche!$AQ$1:$AQ$65536,0)),"") -> - | AO97: 0 | AP97: 1 | AQ97: 2 | AR97: 0 | AS97: 0 | AT97: 0 | AU97: 0 | AV97: 0 | AW97: 0 | AX97: 0 | AY97: 1 | AZ97: 0 | BA97: 1 | BB97: 0 | BC97: 0 | BD97: =VLOOKUP($A97,'[3]allergenen 6nr'!$A$1:$O$1310,3,FALSE) -> - | BE97: =VLOOKUP($A97,'[3]allergenen 6nr'!$A$1:$O$1310,4,FALSE) -> + | BF97: =VLOOKUP($A97,'[3]allergenen 6nr'!$A$1:$O$1310,5,FALSE) -> + | BG97: =VLOOKUP($A97,'[3]allergenen 6nr'!$A$1:$O$1310,6,FALSE) -> X | BH97: =VLOOKUP($A97,'[3]allergenen 6nr'!$A$1:$O$1310,7,FALSE) -> + | BI97: =VLOOKUP($A97,'[3]allergenen 6nr'!$A$1:$O$1310,8,FALSE) -> X | BJ97: =VLOOKUP($A97,'[3]allergenen 6nr'!$A$1:$O$1310,9,FALSE) -> - | BK97: =VLOOKUP($A97,'[3]allergenen 6nr'!$A$1:$O$1310,10,FALSE) -> - | BL97: =VLOOKUP($A97,'[3]allergenen 6nr'!$A$1:$O$1310,11,FALSE) -> + | BM97: =VLOOKUP($A97,'[3]allergenen 6nr'!$A$1:$O$1310,12,FALSE) -> - | BN97: =VLOOKUP($A97,'[3]allergenen 6nr'!$A$1:$O$1310,13,FALSE) -> X | BO97: =VLOOKUP($A97,'[3]allergenen 6nr'!$A$1:$O$1310,14,FALSE) -> - | BP97: =VLOOKUP($A97,'[3]allergenen 6nr'!$A$1:$O$1310,15,FALSE) -> -
A98: 63318500 | B98: =VLOOKUP($A98,[1]maaltijden!$A$1:$IV$65536,4,FALSE) -> DMH LASAGNE GEITENKAAS | C98: =VLOOKUP($A98,[1]maaltijden!$A$1:$IV$65536,7,FALSE) -> UK-57 | D98: =VLOOKUP($A98,[1]maaltijden!$A$1:$IV$65536,10,FALSE) -> NVT | E98: =VLOOKUP($A98,[1]maaltijden!$A$1:$IV$65536,13,FALSE) -> DMH X 6 | F98: =IF($D98="Bedrukte folie 470x300",1,0) -> 0 | G98: =VLOOKUP($A98,[1]maaltijden!$A$1:$IV$65536,27,FALSE) -> ! ! | H98: =VLOOKUP($A98,[1]maaltijden!$A$1:$IV$65536,21,FALSE) -> 6 | I98: =VLOOKUP($A98,[1]maaltijden!$A$1:$IV$65536,21,FALSE) -> 6 | J98: =VLOOKUP($A98,[1]maaltijden!$A$1:$IV$65536,18,FALSE) -> 3 | K98: =VLOOKUP($A98,[1]maaltijden!$A$1:$IV$65536,17,FALSE) -> 3 | L98: =VLOOKUP($A98,[1]maaltijden!$A$1:$IV$65536,20,FALSE) -> 2500 | M98: =VLOOKUP($A98,[1]maaltijden!$A$1:$IV$65536,22,FALSE) -> 2500 | P98: 0 | Q98: 1 | R98: 0 | S98: 0 | T98: 1 | U98: 1 | V98: 1 | W98: 1 | X98: 1 | Y98: 1 | Z98: 0 | AA98: 0 | AB98: 1 | AC98: 0 | AD98: 0 | AE98: 1 | AF98: 0 | AG98: 0 | AH98: 2 | AI98: 0 | AJ98: 0 | AK98: 0 | AL98: 0 | AM98: 0 | AN98: =IFERROR(INDEX([2]lijnopstellingsfiche!$AP$1:$AP$65536,MATCH(A98,[2]lijnopstellingsfiche!$AQ$1:$AQ$65536,0)),"") -> - | AO98: 0 | AP98: 0 | AQ98: 4 | AR98: 0 | AS98: 0 | AT98: 0 | AU98: 0 | AV98: 0 | AW98: 0 | AX98: 0 | AY98: 1 | AZ98: 0 | BA98: 1 | BB98: 0 | BC98: 0 | BD98: =VLOOKUP($A98,'[3]allergenen 6nr'!$A$1:$O$1310,3,FALSE) -> - | BE98: =VLOOKUP($A98,'[3]allergenen 6nr'!$A$1:$O$1310,4,FALSE) -> + | BF98: =VLOOKUP($A98,'[3]allergenen 6nr'!$A$1:$O$1310,5,FALSE) -> + | BG98: =VLOOKUP($A98,'[3]allergenen 6nr'!$A$1:$O$1310,6,FALSE) -> X | BH98: =VLOOKUP($A98,'[3]allergenen 6nr'!$A$1:$O$1310,7,FALSE) -> + | BI98: =VLOOKUP($A98,'[3]allergenen 6nr'!$A$1:$O$1310,8,FALSE) -> X | BJ98: =VLOOKUP($A98,'[3]allergenen 6nr'!$A$1:$O$1310,9,FALSE) -> - | BK98: =VLOOKUP($A98,'[3]allergenen 6nr'!$A$1:$O$1310,10,FALSE) -> - | BL98: =VLOOKUP($A98,'[3]allergenen 6nr'!$A$1:$O$1310,11,FALSE) -> - | BM98: =VLOOKUP($A98,'[3]allergenen 6nr'!$A$1:$O$1310,12,FALSE) -> - | BN98: =VLOOKUP($A98,'[3]allergenen 6nr'!$A$1:$O$1310,13,FALSE) -> X | BO98: =VLOOKUP($A98,'[3]allergenen 6nr'!$A$1:$O$1310,14,FALSE) -> - | BP98: =VLOOKUP($A98,'[3]allergenen 6nr'!$A$1:$O$1310,15,FALSE) -> -
A99: 63318600 | B99: =VLOOKUP($A99,[1]maaltijden!$A$1:$IV$65536,4,FALSE) -> DMH THAI BEEF SWEET CHILI NOEDELS | C99: =VLOOKUP($A99,[1]maaltijden!$A$1:$IV$65536,7,FALSE) -> UK-57 | D99: =VLOOKUP($A99,[1]maaltijden!$A$1:$IV$65536,10,FALSE) -> NVT | E99: =VLOOKUP($A99,[1]maaltijden!$A$1:$IV$65536,13,FALSE) -> DMH X 6 | F99: =IF($D99="Bedrukte folie 470x300",1,0) -> 0 | G99: =VLOOKUP($A99,[1]maaltijden!$A$1:$IV$65536,27,FALSE) -> ! ! ! ! ! | H99: =VLOOKUP($A99,[1]maaltijden!$A$1:$IV$65536,21,FALSE) -> 5 | I99: =VLOOKUP($A99,[1]maaltijden!$A$1:$IV$65536,21,FALSE) -> 5 | J99: =VLOOKUP($A99,[1]maaltijden!$A$1:$IV$65536,18,FALSE) -> 3 | K99: =VLOOKUP($A99,[1]maaltijden!$A$1:$IV$65536,17,FALSE) -> 3 | L99: =VLOOKUP($A99,[1]maaltijden!$A$1:$IV$65536,20,FALSE) -> 2000 | M99: =VLOOKUP($A99,[1]maaltijden!$A$1:$IV$65536,22,FALSE) -> 2000 | P99: 0 | Q99: 1 | R99: 0 | S99: 0 | T99: 1 | U99: 1 | V99: 1 | W99: 1 | X99: 1 | Y99: 1 | Z99: 0 | AA99: 0 | AB99: 0 | AC99: 0 | AD99: 0 | AE99: 0 | AF99: 0 | AG99: 1 | AH99: 1 | AI99: 0 | AJ99: 1 | AK99: 0 | AL99: 0 | AM99: 0 | AN99: =IFERROR(INDEX([2]lijnopstellingsfiche!$AP$1:$AP$65536,MATCH(A99,[2]lijnopstellingsfiche!$AQ$1:$AQ$65536,0)),"") -> 1 | AO99: 1 | AP99: 0 | AQ99: 2 | AR99: 0 | AS99: 0 | AT99: 1 | AU99: 0 | AV99: 0 | AW99: 0 | AX99: 0 | AY99: 1 | AZ99: 0 | BA99: 1 | BB99: 0 | BC99: 0 | BD99: =VLOOKUP($A99,'[3]allergenen 6nr'!$A$1:$O$1310,3,FALSE) -> - | BE99: =VLOOKUP($A99,'[3]allergenen 6nr'!$A$1:$O$1310,4,FALSE) -> X | BF99: =VLOOKUP($A99,'[3]allergenen 6nr'!$A$1:$O$1310,5,FALSE) -> + | BG99: =VLOOKUP($A99,'[3]allergenen 6nr'!$A$1:$O$1310,6,FALSE) -> X | BH99: =VLOOKUP($A99,'[3]allergenen 6nr'!$A$1:$O$1310,7,FALSE) -> - | BI99: =VLOOKUP($A99,'[3]allergenen 6nr'!$A$1:$O$1310,8,FALSE) -> X | BJ99: =VLOOKUP($A99,'[3]allergenen 6nr'!$A$1:$O$1310,9,FALSE) -> - | BK99: =VLOOKUP($A99,'[3]allergenen 6nr'!$A$1:$O$1310,10,FALSE) -> - | BL99: =VLOOKUP($A99,'[3]allergenen 6nr'!$A$1:$O$1310,11,FALSE) -> - | BM99: =VLOOKUP($A99,'[3]allergenen 6nr'!$A$1:$O$1310,12,FALSE) -> + | BN99: =VLOOKUP($A99,'[3]allergenen 6nr'!$A$1:$O$1310,13,FALSE) -> + | BO99: =VLOOKUP($A99,'[3]allergenen 6nr'!$A$1:$O$1310,14,FALSE) -> - | BP99: =VLOOKUP($A99,'[3]allergenen 6nr'!$A$1:$O$1310,15,FALSE) -> -
A100: 63318700 | B100: =VLOOKUP($A100,[1]maaltijden!$A$1:$IV$65536,4,FALSE) -> DMH RAVIOLI TRUFFEL BOSCHAMPIGNONS BROCCOLI | C100: =VLOOKUP($A100,[1]maaltijden!$A$1:$IV$65536,7,FALSE) -> UK-57 | D100: =VLOOKUP($A100,[1]maaltijden!$A$1:$IV$65536,10,FALSE) -> NVT | E100: =VLOOKUP($A100,[1]maaltijden!$A$1:$IV$65536,13,FALSE) -> DMH X 6 | F100: =IF($D100="Bedrukte folie 470x300",1,0) -> 0 | G100: =VLOOKUP($A100,[1]maaltijden!$A$1:$IV$65536,27,FALSE) -> ! ! ! | H100: =VLOOKUP($A100,[1]maaltijden!$A$1:$IV$65536,21,FALSE) -> 6 | I100: =VLOOKUP($A100,[1]maaltijden!$A$1:$IV$65536,21,FALSE) -> 6 | J100: =VLOOKUP($A100,[1]maaltijden!$A$1:$IV$65536,18,FALSE) -> 3 | K100: =VLOOKUP($A100,[1]maaltijden!$A$1:$IV$65536,17,FALSE) -> 1 | L100: =VLOOKUP($A100,[1]maaltijden!$A$1:$IV$65536,20,FALSE) -> 2500 | M100: =VLOOKUP($A100,[1]maaltijden!$A$1:$IV$65536,22,FALSE) -> 2500 | P100: 0 | Q100: 1 | R100: 0 | S100: 0 | T100: 1 | U100: 1 | V100: 1 | W100: 1 | X100: 1 | Y100: 1 | Z100: 0 | AA100: 0 | AB100: 0 | AC100: 0 | AD100: 0 | AE100: 0 | AF100: 0 | AG100: 0 | AH100: 1 | AI100: 0 | AJ100: 0 | AK100: 0 | AL100: 0 | AM100: 0 | AN100: =IFERROR(INDEX([2]lijnopstellingsfiche!$AP$1:$AP$65536,MATCH(A100,[2]lijnopstellingsfiche!$AQ$1:$AQ$65536,0)),"") -> 1 | AO100: 0 | AP100: 0 | AQ100: 1 | AR100: 0 | AS100: 0 | AT100: 1 | AU100: 0 | AV100: 0 | AW100: 0 | AX100: 0 | AY100: 1 | AZ100: 0 | BA100: 1 | BB100: 0 | BC100: 0 | BD100: =VLOOKUP($A100,'[3]allergenen 6nr'!$A$1:$O$1310,3,FALSE) -> - | BE100: =VLOOKUP($A100,'[3]allergenen 6nr'!$A$1:$O$1310,4,FALSE) -> + | BF100: =VLOOKUP($A100,'[3]allergenen 6nr'!$A$1:$O$1310,5,FALSE) -> + | BG100: =VLOOKUP($A100,'[3]allergenen 6nr'!$A$1:$O$1310,6,FALSE) -> X | BH100: =VLOOKUP($A100,'[3]allergenen 6nr'!$A$1:$O$1310,7,FALSE) -> + | BI100: =VLOOKUP($A100,'[3]allergenen 6nr'!$A$1:$O$1310,8,FALSE) -> X | BJ100: =VLOOKUP($A100,'[3]allergenen 6nr'!$A$1:$O$1310,9,FALSE) -> - | BK100: =VLOOKUP($A100,'[3]allergenen 6nr'!$A$1:$O$1310,10,FALSE) -> - | BL100: =VLOOKUP($A100,'[3]allergenen 6nr'!$A$1:$O$1310,11,FALSE) -> + | BM100: =VLOOKUP($A100,'[3]allergenen 6nr'!$A$1:$O$1310,12,FALSE) -> - | BN100: =VLOOKUP($A100,'[3]allergenen 6nr'!$A$1:$O$1310,13,FALSE) -> X | BO100: =VLOOKUP($A100,'[3]allergenen 6nr'!$A$1:$O$1310,14,FALSE) -> - | BP100: =VLOOKUP($A100,'[3]allergenen 6nr'!$A$1:$O$1310,15,FALSE) -> -
